Patient_ID,CYP2C9,VKORC1,CYP4F2
P000001,*1/*3,A/G,C/C
P000002,*1/*1,A/G,C/C
P000003,*1/*1,A/G,C/T
P000004,*1/*2,G/G,C/T
P000005,*1/*1,G/G,C/T
P000006,*1/*2,A/G,T/T
P000007,*1/*1,A/G,T/T
P000008,*1/*2,A/G,C/C
P000009,*1/*2,A/G,C/C
P000010,*1/*1,A/G,C/C
P000011,*3/*3,G/G,C/T
P000012,*1/*1,A/A,C/C
P000013,*1/*2,G/G,C/T
P000014,*1/*2,G/G,C/C
P000015,*1/*1,G/G,T/T
P000016,*1/*3,A/G,C/C
P000017,*1/*1,G/G,C/T
P000018,*1/*2,G/G,C/C
P000019,*1/*2,G/G,C/T
P000020,*1/*1,G/G,C/C
P000021,*1/*2,A/A,C/C
P000022,*1/*3,G/G,T/T
P000023,*1/*2,A/G,C/C
P000024,*1/*2,A/G,C/C
P000025,*1/*1,G/G,C/T
P000026,*1/*3,A/G,C/C
P000027,*1/*1,G/G,C/C
P000028,*1/*1,A/G,C/T
P000029,*1/*1,G/G,T/T
P000030,*1/*1,G/G,T/T
P000031,*1/*3,A/G,C/T
P000032,*1/*1,G/G,C/T
P000033,*2/*2,A/G,C/C
P000034,*1/*2,A/G,C/C
P000035,*1/*3,A/A,C/C
P000036,*1/*1,G/G,C/C
P000037,*1/*1,G/G,C/C
P000038,*1/*2,A/A,C/C
P000039,*1/*1,A/A,C/C
P000040,*1/*1,G/G,C/C
P000041,*1/*2,G/G,C/C
P000042,*1/*2,G/G,C/C
P000043,*1/*1,A/G,C/T
P000044,*1/*3,A/G,C/C
P000045,*1/*1,G/G,C/T
P000046,*1/*2,A/G,C/C
P000047,*1/*1,G/G,C/C
P000048,*1/*1,G/G,C/C
P000049,*1/*2,G/G,C/T
P000050,*1/*3,G/G,C/C
P000051,*1/*1,G/G,C/C
P000052,*1/*3,A/G,C/C
P000053,*1/*1,G/G,C/C
P000054,*1/*3,A/G,C/C
P000055,*1/*1,A/G,C/C
P000056,*1/*3,A/G,C/T
P000057,*1/*1,A/G,C/T
P000058,*1/*1,A/G,C/C
P000059,*1/*1,G/G,T/T
P000060,*1/*1,G/G,C/T
P000061,*1/*1,A/A,C/C
P000062,*1/*1,G/G,C/C
P000063,*1/*3,G/G,C/C
P000064,*1/*1,G/G,C/C
P000065,*2/*2,A/G,C/C
P000066,*1/*1,G/G,C/T
P000067,*3/*3,G/G,C/C
P000068,*3/*3,A/G,C/C
P000069,*1/*1,A/A,T/T
P000070,*2/*3,G/G,C/C
P000071,*2/*2,A/G,C/T
P000072,*1/*1,A/A,C/C
P000073,*2/*3,G/G,C/C
P000074,*1/*1,G/G,C/C
P000075,*1/*1,G/G,C/C
P000076,*1/*2,A/G,T/T
P000077,*1/*1,A/G,C/T
P000078,*1/*1,A/G,C/C
P000079,*2/*3,A/G,C/T
P000080,*3/*3,A/G,C/T
P000081,*1/*3,A/G,C/T
P000082,*1/*2,A/A,C/C
P000083,*2/*3,G/G,C/C
P000084,*1/*1,G/G,T/T
P000085,*2/*3,G/G,C/T
P000086,*1/*1,A/G,T/T
P000087,*2/*2,A/G,C/C
P000088,*1/*3,A/G,T/T
P000089,*2/*3,A/A,T/T
P000090,*1/*3,G/G,C/C
P000091,*2/*2,G/G,C/C
P000092,*1/*3,A/A,C/T
P000093,*1/*3,A/G,C/T
P000094,*1/*2,G/G,C/C
P000095,*1/*1,A/G,C/C
P000096,*1/*1,G/G,C/C
P000097,*1/*1,G/G,C/C
P000098,*2/*2,A/A,C/C
P000099,*1/*1,G/G,C/C
P000100,*3/*3,G/G,C/C
P000101,*1/*1,A/A,C/T
P000102,*1/*1,G/G,C/T
P000103,*2/*3,A/G,C/T
P000104,*1/*1,G/G,C/C
P000105,*1/*1,A/G,C/C
P000106,*1/*3,A/A,C/C
P000107,*1/*1,G/G,T/T
P000108,*1/*2,G/G,C/C
P000109,*1/*3,A/A,T/T
P000110,*2/*3,A/G,C/T
P000111,*1/*1,G/G,C/C
P000112,*1/*1,G/G,C/C
P000113,*1/*2,G/G,C/T
P000114,*1/*1,A/A,C/C
P000115,*1/*2,G/G,C/T
P000116,*1/*1,A/G,C/C
P000117,*1/*2,G/G,C/C
P000118,*2/*2,G/G,C/C
P000119,*1/*1,A/G,C/T
P000120,*1/*1,G/G,C/T
P000121,*1/*2,G/G,C/C
P000122,*1/*1,A/G,C/C
P000123,*1/*2,G/G,C/C
P000124,*1/*1,A/G,C/T
P000125,*1/*1,A/G,C/C
P000126,*1/*1,G/G,C/C
P000127,*1/*1,G/G,C/T
P000128,*1/*3,G/G,C/T
P000129,*2/*3,A/G,C/C
P000130,*1/*1,A/G,T/T
P000131,*1/*2,A/G,C/C
P000132,*1/*1,A/G,C/C
P000133,*1/*3,G/G,C/C
P000134,*1/*2,G/G,C/C
P000135,*1/*1,A/G,C/T
P000136,*1/*1,A/G,C/T
P000137,*1/*1,G/G,C/C
P000138,*1/*1,A/A,C/C
P000139,*1/*2,A/G,C/C
P000140,*2/*2,A/G,C/T
P000141,*1/*3,G/G,C/C
P000142,*1/*1,G/G,C/C
P000143,*1/*1,A/G,C/T
P000144,*1/*1,G/G,C/C
P000145,*1/*2,A/G,C/T
P000146,*1/*1,A/A,C/T
P000147,*1/*1,A/G,C/C
P000148,*1/*1,G/G,C/C
P000149,*1/*1,G/G,C/C
P000150,*1/*1,A/G,C/C
P000151,*1/*1,G/G,C/C
P000152,*1/*1,A/G,C/C
P000153,*1/*1,G/G,T/T
P000154,*1/*1,G/G,C/C
P000155,*1/*1,A/G,C/T
P000156,*1/*1,G/G,T/T
P000157,*1/*1,A/A,C/C
P000158,*2/*3,A/A,C/C
P000159,*1/*1,A/G,C/C
P000160,*1/*1,A/G,C/C
P000161,*1/*2,A/A,C/C
P000162,*1/*1,A/G,C/C
P000163,*1/*2,A/G,C/C
P000164,*1/*1,G/G,C/C
P000165,*3/*3,G/G,C/C
P000166,*2/*3,G/G,C/C
P000167,*1/*2,G/G,C/C
P000168,*1/*3,G/G,C/T
P000169,*1/*1,A/G,C/C
P000170,*2/*3,A/G,C/T
P000171,*1/*2,A/G,C/T
P000172,*1/*1,A/G,C/C
P000173,*1/*1,G/G,C/T
P000174,*1/*1,A/G,C/T
P000175,*1/*2,G/G,C/C
P000176,*1/*1,G/G,C/T
P000177,*1/*3,A/G,C/C
P000178,*1/*1,G/G,C/T
P000179,*1/*3,G/G,T/T
P000180,*1/*2,A/G,C/C
P000181,*1/*2,G/G,C/C
P000182,*1/*2,A/A,C/C
P000183,*1/*3,A/G,C/C
P000184,*1/*1,G/G,C/C
P000185,*1/*1,A/G,C/C
P000186,*1/*3,A/A,C/T
P000187,*1/*3,A/G,C/C
P000188,*1/*1,G/G,C/C
P000189,*1/*1,A/G,C/C
P000190,*1/*1,A/G,C/C
P000191,*1/*1,A/A,C/C
P000192,*2/*2,A/A,T/T
P000193,*1/*1,A/G,T/T
P000194,*1/*3,A/G,C/C
P000195,*1/*3,G/G,C/T
P000196,*1/*1,A/G,C/C
P000197,*1/*1,A/A,C/C
P000198,*1/*1,G/G,C/C
P000199,*1/*2,A/A,C/C
P000200,*1/*1,A/A,C/C
P000201,*1/*1,G/G,C/C
P000202,*1/*1,A/G,C/C
P000203,*1/*1,A/A,C/C
P000204,*1/*1,A/A,T/T
P000205,*1/*1,G/G,C/C
P000206,*1/*1,A/A,C/T
P000207,*1/*3,G/G,C/C
P000208,*1/*1,G/G,C/C
P000209,*1/*2,G/G,C/C
P000210,*1/*2,G/G,T/T
P000211,*1/*3,A/G,C/C
P000212,*1/*1,A/G,C/C
P000213,*1/*1,A/G,C/C
P000214,*2/*2,G/G,C/C
P000215,*1/*3,A/G,C/T
P000216,*1/*1,A/A,C/C
P000217,*1/*1,A/G,C/T
P000218,*2/*2,A/G,C/T
P000219,*1/*1,A/G,T/T
P000220,*1/*3,G/G,T/T
P000221,*2/*3,A/A,C/C
P000222,*1/*1,A/G,C/C
P000223,*1/*3,G/G,C/T
P000224,*1/*1,G/G,C/C
P000225,*1/*3,G/G,C/C
P000226,*1/*1,A/G,T/T
P000227,*1/*1,G/G,C/C
P000228,*1/*3,A/G,C/C
P000229,*1/*1,G/G,C/C
P000230,*2/*3,A/A,C/T
P000231,*1/*2,A/G,C/C
P000232,*1/*1,G/G,C/T
P000233,*1/*1,G/G,C/T
P000234,*1/*3,G/G,C/C
P000235,*1/*1,A/G,C/T
P000236,*2/*2,G/G,T/T
P000237,*1/*1,A/A,C/T
P000238,*1/*1,A/A,C/T
P000239,*2/*2,A/A,C/C
P000240,*1/*1,A/A,C/T
P000241,*1/*1,A/G,C/T
P000242,*2/*2,A/G,C/C
P000243,*1/*2,A/G,T/T
P000244,*1/*3,G/G,C/C
P000245,*1/*3,A/G,C/C
P000246,*1/*2,G/G,C/C
P000247,*1/*3,A/G,C/T
P000248,*1/*2,A/A,C/C
P000249,*1/*2,G/G,C/C
P000250,*1/*1,A/G,C/C
P000251,*2/*3,A/G,C/T
P000252,*1/*3,G/G,C/T
P000253,*1/*1,G/G,C/C
P000254,*1/*2,G/G,C/C
P000255,*1/*1,A/G,C/C
P000256,*1/*2,G/G,C/C
P000257,*3/*3,G/G,C/C
P000258,*1/*1,A/G,C/C
P000259,*2/*3,A/G,C/C
P000260,*1/*1,A/G,C/T
P000261,*1/*2,A/G,C/C
P000262,*1/*1,A/G,T/T
P000263,*1/*1,A/G,C/C
P000264,*1/*1,G/G,C/T
P000265,*1/*3,G/G,C/C
P000266,*1/*1,A/G,C/T
P000267,*1/*1,A/G,C/T
P000268,*1/*3,G/G,C/T
P000269,*1/*3,A/G,T/T
P000270,*2/*3,A/G,C/C
P000271,*1/*1,G/G,C/C
P000272,*2/*2,G/G,C/C
P000273,*1/*1,G/G,C/T
P000274,*1/*1,G/G,C/T
P000275,*2/*3,G/G,T/T
P000276,*1/*1,G/G,C/T
P000277,*1/*3,A/G,C/C
P000278,*1/*3,A/G,C/C
P000279,*1/*2,A/G,C/C
P000280,*1/*3,A/G,C/C
P000281,*1/*2,A/G,C/C
P000282,*1/*1,G/G,C/C
P000283,*1/*3,G/G,C/T
P000284,*2/*3,A/G,C/T
P000285,*1/*1,G/G,C/C
P000286,*3/*3,G/G,C/C
P000287,*1/*1,G/G,C/C
P000288,*1/*1,G/G,C/C
P000289,*1/*2,G/G,C/C
P000290,*1/*1,G/G,C/C
P000291,*2/*3,A/A,C/C
P000292,*1/*3,G/G,C/T
P000293,*1/*3,G/G,C/C
P000294,*1/*2,G/G,T/T
P000295,*2/*2,G/G,C/C
P000296,*1/*2,G/G,C/C
P000297,*1/*2,A/A,C/C
P000298,*2/*3,G/G,C/C
P000299,*1/*2,A/G,C/C
P000300,*1/*1,A/G,C/C
P000301,*1/*1,G/G,C/T
P000302,*2/*3,A/G,C/C
P000303,*1/*1,G/G,C/C
P000304,*1/*1,A/G,T/T
P000305,*1/*1,A/G,C/C
P000306,*1/*1,A/G,C/C
P000307,*1/*1,G/G,C/C
P000308,*1/*3,A/G,C/C
P000309,*1/*1,A/G,C/C
P000310,*1/*3,A/G,C/C
P000311,*1/*1,G/G,C/T
P000312,*1/*1,A/G,C/T
P000313,*1/*3,A/A,C/C
P000314,*1/*1,A/G,C/C
P000315,*1/*1,A/A,C/T
P000316,*2/*3,A/A,C/C
P000317,*1/*1,G/G,C/C
P000318,*1/*1,G/G,C/T
P000319,*1/*1,A/G,C/T
P000320,*1/*1,A/A,C/T
P000321,*1/*1,G/G,C/C
P000322,*1/*3,A/G,C/T
P000323,*1/*1,G/G,C/C
P000324,*1/*1,A/G,C/C
P000325,*1/*3,A/G,C/C
P000326,*1/*2,A/A,C/C
P000327,*1/*1,G/G,C/T
P000328,*1/*2,A/A,C/C
P000329,*1/*1,G/G,C/T
P000330,*1/*1,G/G,C/C
P000331,*1/*2,G/G,C/C
P000332,*2/*3,A/A,C/T
P000333,*1/*1,G/G,C/C
P000334,*1/*3,G/G,C/C
P000335,*1/*1,G/G,C/C
P000336,*1/*1,A/G,C/C
P000337,*1/*1,G/G,C/C
P000338,*1/*2,A/G,C/C
P000339,*1/*1,G/G,C/T
P000340,*3/*3,A/G,C/C
P000341,*2/*2,A/A,C/C
P000342,*1/*1,G/G,T/T
P000343,*1/*1,A/A,C/C
P000344,*1/*2,A/G,C/C
P000345,*1/*3,G/G,C/T
P000346,*1/*1,A/A,C/T
P000347,*1/*2,G/G,C/C
P000348,*1/*1,G/G,C/C
P000349,*1/*1,G/G,C/C
P000350,*1/*1,A/A,C/C
P000351,*2/*3,A/G,C/C
P000352,*1/*1,G/G,C/C
P000353,*1/*1,A/A,C/T
P000354,*3/*3,G/G,C/C
P000355,*1/*1,A/A,C/T
P000356,*1/*3,A/A,C/T
P000357,*1/*1,A/G,C/C
P000358,*1/*1,G/G,C/T
P000359,*1/*1,A/A,C/T
P000360,*1/*1,G/G,C/C
P000361,*1/*2,A/G,C/C
P000362,*1/*2,A/G,C/C
P000363,*1/*1,G/G,C/C
P000364,*1/*2,G/G,C/T
P000365,*1/*2,A/G,C/T
P000366,*1/*2,G/G,C/T
P000367,*1/*1,A/G,C/C
P000368,*1/*3,G/G,C/C
P000369,*1/*1,G/G,C/T
P000370,*1/*1,A/G,C/T
P000371,*1/*1,G/G,C/T
P000372,*2/*2,A/G,C/C
P000373,*2/*3,G/G,C/C
P000374,*1/*1,G/G,C/C
P000375,*1/*3,A/G,C/C
P000376,*1/*1,G/G,C/C
P000377,*1/*1,A/A,T/T
P000378,*1/*3,G/G,T/T
P000379,*1/*1,A/G,C/C
P000380,*1/*1,G/G,T/T
P000381,*1/*2,G/G,C/C
P000382,*1/*3,A/A,C/T
P000383,*1/*1,G/G,C/C
P000384,*1/*1,A/G,C/T
P000385,*1/*1,G/G,C/C
P000386,*1/*1,A/G,C/T
P000387,*1/*1,G/G,C/T
P000388,*2/*3,A/G,C/C
P000389,*1/*1,A/G,C/C
P000390,*1/*2,G/G,C/T
P000391,*2/*2,G/G,C/T
P000392,*1/*2,G/G,C/T
P000393,*1/*1,G/G,C/C
P000394,*1/*2,A/G,C/C
P000395,*2/*3,G/G,C/T
P000396,*1/*1,A/G,C/C
P000397,*1/*1,G/G,C/C
P000398,*1/*1,G/G,C/C
P000399,*1/*2,A/G,C/C
P000400,*1/*1,A/G,C/C
P000401,*1/*3,G/G,C/C
P000402,*1/*2,A/G,C/C
P000403,*1/*1,A/G,C/T
P000404,*1/*3,A/G,C/T
P000405,*1/*1,G/G,C/T
P000406,*1/*3,G/G,C/C
P000407,*1/*2,A/A,C/C
P000408,*1/*2,A/G,C/C
P000409,*1/*1,A/A,T/T
P000410,*1/*2,G/G,C/C
P000411,*1/*1,A/G,C/T
P000412,*1/*1,G/G,C/C
P000413,*1/*1,A/A,C/T
P000414,*1/*1,G/G,C/C
P000415,*1/*2,A/G,C/C
P000416,*1/*1,A/A,C/C
P000417,*1/*1,G/G,C/C
P000418,*1/*2,A/G,C/T
P000419,*1/*1,G/G,C/C
P000420,*1/*1,A/G,C/C
P000421,*1/*2,G/G,C/T
P000422,*1/*2,A/G,C/T
P000423,*1/*2,A/G,C/T
P000424,*1/*3,G/G,C/C
P000425,*1/*3,G/G,C/T
P000426,*1/*1,A/G,C/C
P000427,*1/*2,G/G,C/T
P000428,*1/*1,G/G,C/C
P000429,*1/*1,A/G,C/C
P000430,*2/*3,G/G,C/T
P000431,*1/*1,A/G,C/T
P000432,*1/*3,A/G,C/T
P000433,*2/*3,A/A,C/C
P000434,*1/*1,A/A,C/C
P000435,*1/*1,A/G,T/T
P000436,*1/*1,A/G,C/C
P000437,*1/*1,A/G,C/T
P000438,*1/*1,A/G,C/C
P000439,*3/*3,A/G,C/C
P000440,*2/*3,G/G,T/T
P000441,*1/*2,G/G,C/C
P000442,*1/*3,A/G,C/T
P000443,*1/*1,G/G,C/C
P000444,*1/*2,A/G,T/T
P000445,*1/*1,G/G,C/T
P000446,*1/*1,G/G,C/C
P000447,*1/*1,A/G,C/C
P000448,*1/*3,G/G,C/C
P000449,*1/*1,A/G,C/C
P000450,*1/*1,A/A,C/C
P000451,*1/*3,A/A,C/T
P000452,*1/*1,G/G,C/C
P000453,*1/*1,A/A,C/C
P000454,*1/*1,A/G,C/T
P000455,*2/*2,G/G,C/C
P000456,*1/*1,G/G,C/C
P000457,*1/*3,G/G,C/C
P000458,*1/*1,G/G,C/T
P000459,*1/*2,A/G,C/T
P000460,*1/*2,G/G,C/T
P000461,*1/*3,G/G,C/T
P000462,*1/*2,A/G,C/C
P000463,*1/*1,A/G,C/T
P000464,*1/*3,A/G,C/C
P000465,*1/*1,A/A,C/C
P000466,*1/*3,G/G,C/C
P000467,*1/*3,A/G,C/C
P000468,*1/*1,G/G,C/C
P000469,*3/*3,A/G,C/C
P000470,*1/*1,A/G,C/C
P000471,*1/*2,G/G,C/C
P000472,*1/*2,A/G,C/C
P000473,*1/*1,G/G,C/T
P000474,*1/*2,A/G,C/C
P000475,*1/*2,A/G,T/T
P000476,*1/*2,G/G,C/T
P000477,*1/*1,G/G,C/C
P000478,*1/*2,G/G,C/T
P000479,*1/*1,G/G,C/C
P000480,*1/*1,A/G,C/C
P000481,*1/*1,A/G,C/T
P000482,*1/*2,A/G,C/T
P000483,*1/*3,A/G,C/T
P000484,*1/*3,A/G,C/T
P000485,*2/*3,A/A,C/C
P000486,*1/*1,A/G,C/C
P000487,*1/*3,A/A,C/T
P000488,*1/*1,A/G,C/C
P000489,*1/*1,A/A,C/C
P000490,*1/*3,A/G,C/T
P000491,*1/*1,G/G,C/C
P000492,*1/*1,G/G,C/C
P000493,*1/*1,A/A,C/C
P000494,*1/*3,G/G,C/C
P000495,*1/*1,G/G,C/C
P000496,*1/*1,G/G,C/C
P000497,*1/*1,A/G,C/T
P000498,*1/*1,G/G,C/C
P000499,*1/*1,A/A,C/C
P000500,*1/*3,A/G,C/C
P000501,*2/*3,A/A,C/C
P000502,*2/*3,G/G,C/C
P000503,*1/*3,G/G,C/C
P000504,*1/*3,G/G,C/C
P000505,*1/*3,A/G,C/C
P000506,*2/*3,G/G,C/T
P000507,*1/*3,G/G,C/C
P000508,*1/*1,A/G,C/C
P000509,*1/*1,G/G,C/C
P000510,*1/*2,G/G,C/C
P000511,*1/*3,A/A,C/C
P000512,*1/*2,G/G,C/C
P000513,*1/*3,G/G,C/T
P000514,*1/*2,G/G,C/C
P000515,*1/*1,A/G,C/T
P000516,*1/*1,A/G,C/T
P000517,*2/*2,A/G,T/T
P000518,*1/*2,A/A,C/C
P000519,*1/*1,G/G,C/C
P000520,*2/*2,A/G,C/C
P000521,*1/*1,G/G,C/C
P000522,*1/*1,A/A,C/T
P000523,*1/*1,A/G,C/T
P000524,*1/*3,G/G,C/C
P000525,*1/*3,A/G,C/C
P000526,*1/*1,G/G,C/T
P000527,*2/*3,G/G,C/C
P000528,*2/*3,G/G,C/T
P000529,*1/*3,G/G,C/C
P000530,*1/*3,A/G,C/T
P000531,*1/*3,A/G,C/C
P000532,*1/*2,A/A,T/T
P000533,*1/*1,A/G,C/C
P000534,*1/*1,G/G,C/C
P000535,*1/*1,A/G,C/C
P000536,*1/*3,G/G,C/C
P000537,*1/*1,G/G,C/C
P000538,*1/*1,G/G,C/C
P000539,*1/*1,A/G,C/C
P000540,*1/*1,A/G,T/T
P000541,*1/*1,A/G,C/C
P000542,*1/*3,G/G,C/T
P000543,*3/*3,G/G,C/T
P000544,*2/*3,A/A,C/T
P000545,*1/*3,A/A,C/T
P000546,*3/*3,A/G,C/C
P000547,*1/*1,A/G,C/T
P000548,*1/*2,A/A,C/T
P000549,*1/*1,G/G,C/C
P000550,*2/*2,A/G,C/C
P000551,*1/*1,G/G,C/T
P000552,*1/*2,A/A,T/T
P000553,*1/*2,G/G,C/C
P000554,*1/*1,G/G,C/C
P000555,*1/*1,A/G,C/C
P000556,*1/*2,A/A,C/C
P000557,*1/*3,G/G,C/C
P000558,*1/*1,A/G,C/C
P000559,*1/*3,A/A,C/T
P000560,*2/*2,A/G,C/T
P000561,*3/*3,A/G,C/C
P000562,*1/*1,A/G,C/T
P000563,*1/*1,A/G,C/T
P000564,*1/*1,G/G,C/C
P000565,*1/*2,A/G,C/C
P000566,*1/*3,G/G,C/T
P000567,*2/*3,A/G,C/T
P000568,*2/*3,A/G,C/C
P000569,*1/*2,A/G,T/T
P000570,*1/*2,G/G,C/C
P000571,*1/*1,A/G,C/C
P000572,*1/*2,G/G,C/C
P000573,*2/*3,A/G,C/C
P000574,*1/*3,A/G,C/C
P000575,*1/*1,A/G,T/T
P000576,*1/*1,G/G,C/C
P000577,*1/*1,G/G,T/T
P000578,*1/*2,G/G,C/T
P000579,*1/*3,G/G,C/C
P000580,*1/*1,G/G,C/C
P000581,*1/*1,G/G,C/C
P000582,*1/*2,G/G,C/T
P000583,*1/*1,G/G,T/T
P000584,*1/*1,G/G,C/T
P000585,*1/*1,A/G,C/C
P000586,*1/*1,A/G,T/T
P000587,*1/*2,G/G,C/T
P000588,*2/*3,G/G,C/T
P000589,*1/*1,G/G,C/C
P000590,*1/*2,G/G,C/T
P000591,*1/*1,A/G,C/C
P000592,*1/*3,G/G,C/C
P000593,*1/*2,A/G,C/T
P000594,*1/*1,G/G,C/C
P000595,*1/*2,A/G,C/T
P000596,*1/*1,A/G,T/T
P000597,*1/*2,A/A,C/T
P000598,*1/*2,A/G,C/T
P000599,*1/*2,G/G,C/C
P000600,*2/*3,G/G,C/C
P000601,*2/*3,G/G,C/T
P000602,*1/*3,G/G,C/C
P000603,*2/*2,G/G,C/C
P000604,*1/*1,A/A,C/C
P000605,*1/*1,A/G,C/T
P000606,*1/*1,G/G,C/T
P000607,*1/*1,G/G,C/T
P000608,*1/*1,G/G,T/T
P000609,*1/*3,G/G,C/C
P000610,*1/*2,A/G,C/T
P000611,*1/*2,A/G,C/C
P000612,*1/*2,A/G,C/C
P000613,*1/*3,G/G,C/T
P000614,*1/*3,G/G,C/C
P000615,*1/*1,G/G,T/T
P000616,*2/*2,A/G,C/C
P000617,*1/*1,G/G,C/C
P000618,*2/*3,G/G,C/T
P000619,*1/*1,G/G,C/C
P000620,*1/*2,A/G,C/C
P000621,*3/*3,G/G,C/C
P000622,*1/*2,G/G,C/C
P000623,*1/*2,G/G,C/C
P000624,*1/*2,G/G,T/T
P000625,*1/*1,A/A,C/C
P000626,*1/*1,G/G,C/T
P000627,*1/*1,G/G,C/T
P000628,*1/*1,A/G,T/T
P000629,*2/*3,G/G,C/C
P000630,*2/*2,A/G,C/T
P000631,*1/*1,A/A,C/T
P000632,*1/*3,G/G,C/C
P000633,*1/*1,A/G,C/C
P000634,*1/*1,A/G,C/C
P000635,*1/*3,A/G,C/C
P000636,*1/*1,G/G,C/C
P000637,*1/*1,G/G,C/C
P000638,*1/*3,G/G,C/C
P000639,*3/*3,A/A,C/C
P000640,*1/*2,A/G,C/C
P000641,*1/*1,G/G,C/C
P000642,*1/*1,A/G,T/T
P000643,*1/*2,A/A,C/C
P000644,*1/*3,G/G,T/T
P000645,*2/*2,G/G,C/T
P000646,*2/*2,A/A,C/T
P000647,*1/*3,G/G,C/C
P000648,*1/*3,A/G,C/C
P000649,*1/*2,A/G,C/T
P000650,*1/*2,G/G,C/T
P000651,*1/*2,G/G,C/T
P000652,*1/*1,A/G,C/T
P000653,*1/*1,G/G,C/C
P000654,*1/*1,A/G,C/T
P000655,*2/*2,A/G,C/C
P000656,*1/*1,G/G,C/C
P000657,*1/*3,A/A,C/T
P000658,*1/*1,G/G,C/C
P000659,*1/*3,A/A,C/C
P000660,*1/*1,G/G,T/T
P000661,*1/*3,G/G,C/C
P000662,*1/*1,A/G,C/C
P000663,*1/*2,G/G,C/C
P000664,*1/*1,G/G,C/C
P000665,*1/*1,G/G,C/C
P000666,*1/*3,G/G,C/C
P000667,*1/*3,G/G,C/C
P000668,*1/*1,A/A,C/T
P000669,*1/*1,G/G,C/C
P000670,*2/*2,A/G,C/T
P000671,*1/*2,G/G,C/T
P000672,*1/*1,A/A,C/C
P000673,*1/*1,G/G,C/T
P000674,*1/*1,G/G,C/C
P000675,*1/*1,G/G,C/T
P000676,*1/*2,A/G,C/C
P000677,*1/*2,G/G,C/C
P000678,*1/*1,A/G,C/C
P000679,*1/*2,A/G,C/C
P000680,*1/*3,G/G,C/T
P000681,*1/*1,A/G,C/C
P000682,*1/*1,G/G,C/C
P000683,*1/*3,G/G,C/C
P000684,*1/*1,A/G,C/C
P000685,*1/*3,A/G,T/T
P000686,*2/*3,G/G,C/C
P000687,*2/*3,G/G,C/C
P000688,*1/*1,A/G,C/T
P000689,*1/*3,A/A,C/C
P000690,*2/*2,G/G,C/C
P000691,*1/*1,G/G,C/C
P000692,*1/*1,G/G,C/C
P000693,*1/*1,G/G,C/T
P000694,*2/*2,G/G,C/C
P000695,*1/*1,G/G,C/C
P000696,*1/*2,A/G,C/C
P000697,*1/*2,G/G,C/C
P000698,*1/*1,G/G,C/T
P000699,*1/*1,A/G,C/C
P000700,*1/*1,G/G,C/C
P000701,*1/*1,G/G,C/C
P000702,*1/*2,G/G,C/T
P000703,*1/*3,A/A,C/C
P000704,*1/*1,A/G,C/C
P000705,*2/*3,G/G,C/T
P000706,*1/*1,G/G,C/C
P000707,*1/*1,G/G,C/T
P000708,*1/*3,A/G,C/C
P000709,*1/*3,G/G,C/C
P000710,*1/*3,A/G,C/C
P000711,*1/*1,A/G,C/T
P000712,*1/*1,G/G,C/T
P000713,*1/*1,G/G,C/C
P000714,*1/*1,A/G,C/T
P000715,*1/*2,G/G,C/C
P000716,*1/*3,A/G,C/T
P000717,*1/*2,G/G,C/T
P000718,*1/*1,A/A,C/T
P000719,*1/*1,A/G,C/C
P000720,*1/*2,A/G,C/C
P000721,*1/*3,A/G,C/C
P000722,*2/*2,G/G,C/C
P000723,*2/*3,G/G,C/C
P000724,*2/*2,A/A,C/C
P000725,*1/*1,G/G,C/C
P000726,*1/*3,G/G,T/T
P000727,*1/*1,A/G,C/T
P000728,*1/*1,A/A,C/C
P000729,*1/*1,G/G,C/C
P000730,*1/*1,A/A,C/C
P000731,*1/*1,A/G,C/T
P000732,*1/*3,G/G,C/T
P000733,*1/*2,A/G,C/C
P000734,*1/*3,G/G,C/C
P000735,*2/*3,G/G,C/C
P000736,*3/*3,A/G,C/C
P000737,*2/*3,G/G,C/T
P000738,*1/*3,A/G,C/C
P000739,*1/*1,A/G,C/C
P000740,*1/*2,A/A,C/T
P000741,*1/*3,G/G,C/T
P000742,*2/*2,A/G,C/C
P000743,*2/*3,A/A,C/C
P000744,*1/*2,G/G,C/C
P000745,*1/*1,G/G,C/T
P000746,*2/*3,G/G,C/T
P000747,*2/*3,G/G,C/C
P000748,*1/*1,G/G,C/T
P000749,*1/*2,A/A,C/T
P000750,*1/*3,A/G,C/C
P000751,*1/*1,G/G,C/T
P000752,*1/*3,G/G,C/C
P000753,*1/*1,A/A,C/C
P000754,*1/*1,G/G,C/T
P000755,*1/*1,G/G,C/C
P000756,*1/*3,A/A,C/C
P000757,*1/*1,A/G,C/C
P000758,*1/*1,G/G,C/C
P000759,*2/*2,G/G,T/T
P000760,*1/*1,A/G,T/T
P000761,*1/*1,A/G,C/C
P000762,*1/*3,G/G,C/C
P000763,*1/*1,G/G,C/T
P000764,*1/*3,A/G,C/T
P000765,*1/*1,G/G,C/T
P000766,*1/*2,A/G,C/C
P000767,*1/*2,A/G,C/C
P000768,*2/*2,A/G,C/C
P000769,*1/*1,G/G,C/C
P000770,*1/*1,G/G,C/C
P000771,*2/*3,G/G,C/T
P000772,*1/*3,A/A,C/C
P000773,*1/*3,A/G,C/C
P000774,*1/*1,G/G,T/T
P000775,*1/*2,G/G,C/C
P000776,*1/*1,G/G,C/C
P000777,*1/*1,A/G,C/C
P000778,*1/*2,A/G,C/C
P000779,*3/*3,G/G,C/C
P000780,*1/*1,A/G,T/T
P000781,*1/*1,A/A,C/C
P000782,*1/*1,G/G,C/C
P000783,*1/*3,G/G,C/C
P000784,*1/*1,G/G,C/C
P000785,*1/*1,G/G,T/T
P000786,*1/*3,G/G,C/C
P000787,*1/*1,A/G,C/C
P000788,*1/*1,G/G,C/C
P000789,*1/*1,G/G,C/T
P000790,*1/*1,A/A,C/C
P000791,*1/*1,A/G,T/T
P000792,*1/*1,G/G,C/T
P000793,*1/*1,G/G,C/T
P000794,*1/*1,A/A,C/C
P000795,*1/*1,A/G,C/C
P000796,*1/*1,G/G,C/T
P000797,*1/*1,A/G,C/C
P000798,*1/*1,A/A,T/T
P000799,*1/*1,G/G,C/C
P000800,*3/*3,A/G,C/T
P000801,*1/*2,G/G,C/C
P000802,*1/*3,G/G,C/T
P000803,*1/*3,G/G,C/T
P000804,*1/*3,A/G,C/C
P000805,*1/*3,A/A,C/C
P000806,*1/*3,A/G,C/T
P000807,*1/*2,A/A,C/C
P000808,*2/*2,G/G,C/T
P000809,*1/*1,G/G,C/T
P000810,*1/*1,G/G,C/T
P000811,*1/*1,G/G,C/C
P000812,*1/*3,A/G,C/C
P000813,*1/*1,G/G,C/C
P000814,*2/*2,A/G,C/T
P000815,*1/*1,A/G,C/C
P000816,*1/*1,G/G,C/T
P000817,*1/*1,G/G,C/C
P000818,*1/*2,G/G,T/T
P000819,*1/*3,G/G,C/T
P000820,*1/*1,A/G,C/C
P000821,*1/*2,A/G,C/C
P000822,*1/*1,A/G,C/C
P000823,*1/*2,A/G,C/T
P000824,*1/*1,A/G,C/T
P000825,*1/*3,G/G,T/T
P000826,*1/*3,A/A,T/T
P000827,*1/*1,A/A,T/T
P000828,*1/*1,G/G,C/T
P000829,*1/*3,A/A,C/C
P000830,*1/*1,A/G,C/C
P000831,*1/*1,A/G,C/C
P000832,*1/*1,G/G,C/T
P000833,*1/*1,G/G,C/C
P000834,*1/*2,A/G,C/C
P000835,*1/*1,G/G,C/C
P000836,*2/*3,A/G,C/C
P000837,*1/*2,G/G,C/T
P000838,*1/*2,G/G,C/C
P000839,*1/*1,G/G,C/C
P000840,*1/*1,A/A,C/C
P000841,*1/*3,G/G,T/T
P000842,*1/*3,A/A,C/C
P000843,*1/*1,A/G,C/C
P000844,*1/*1,A/G,C/T
P000845,*1/*1,G/G,C/C
P000846,*1/*3,A/A,C/T
P000847,*1/*3,A/G,C/C
P000848,*1/*2,A/G,C/C
P000849,*2/*2,A/G,C/C
P000850,*1/*1,G/G,C/C
P000851,*1/*1,G/G,C/C
P000852,*1/*3,A/G,C/T
P000853,*1/*2,G/G,C/C
P000854,*1/*1,A/G,C/T
P000855,*1/*1,A/G,C/C
P000856,*1/*2,A/G,C/C
P000857,*1/*3,A/A,T/T
P000858,*1/*3,A/A,C/T
P000859,*1/*3,G/G,C/C
P000860,*1/*1,G/G,C/T
P000861,*1/*3,A/G,C/C
P000862,*1/*1,A/G,T/T
P000863,*1/*1,G/G,C/T
P000864,*1/*1,G/G,C/T
P000865,*1/*1,G/G,C/T
P000866,*1/*1,A/G,C/C
P000867,*1/*3,G/G,C/C
P000868,*1/*1,G/G,C/C
P000869,*1/*1,A/G,C/C
P000870,*1/*1,G/G,C/T
P000871,*1/*3,G/G,C/T
P000872,*1/*1,G/G,C/C
P000873,*1/*1,A/G,C/T
P000874,*1/*1,A/A,C/C
P000875,*1/*1,G/G,C/C
P000876,*1/*1,G/G,C/C
P000877,*1/*3,A/A,C/T
P000878,*1/*1,A/G,C/T
P000879,*1/*1,G/G,C/C
P000880,*1/*1,A/G,C/C
P000881,*2/*2,A/G,C/C
P000882,*1/*1,A/A,C/C
P000883,*3/*3,G/G,C/T
P000884,*1/*3,G/G,C/C
P000885,*1/*2,A/A,C/C
P000886,*1/*3,G/G,C/T
P000887,*1/*2,A/A,C/T
P000888,*1/*2,G/G,C/C
P000889,*1/*2,G/G,C/C
P000890,*1/*2,A/A,C/C
P000891,*1/*1,A/G,C/C
P000892,*1/*2,G/G,C/T
P000893,*1/*3,A/G,C/C
P000894,*1/*1,G/G,C/C
P000895,*3/*3,A/A,C/T
P000896,*1/*1,G/G,C/T
P000897,*2/*3,G/G,C/T
P000898,*1/*2,A/G,T/T
P000899,*1/*2,A/G,T/T
P000900,*2/*2,A/G,C/T
P000901,*1/*3,G/G,C/T
P000902,*1/*1,A/G,C/C
P000903,*1/*3,G/G,T/T
P000904,*1/*1,G/G,C/C
P000905,*1/*1,A/A,C/C
P000906,*2/*2,G/G,C/C
P000907,*1/*1,G/G,C/T
P000908,*1/*1,A/G,C/T
P000909,*1/*2,A/G,C/C
P000910,*1/*1,G/G,C/T
P000911,*1/*1,A/G,C/T
P000912,*1/*2,G/G,C/C
P000913,*1/*3,A/A,C/C
P000914,*1/*1,G/G,C/C
P000915,*1/*1,G/G,C/T
P000916,*3/*3,G/G,C/T
P000917,*2/*3,A/G,C/C
P000918,*1/*3,A/A,C/C
P000919,*1/*1,G/G,C/T
P000920,*1/*1,A/A,T/T
P000921,*1/*3,A/A,C/C
P000922,*1/*1,A/G,T/T
P000923,*2/*3,A/G,C/T
P000924,*1/*2,G/G,C/T
P000925,*2/*2,G/G,C/T
P000926,*1/*1,G/G,C/C
P000927,*1/*1,A/G,C/T
P000928,*1/*2,G/G,C/C
P000929,*2/*2,A/A,C/C
P000930,*1/*2,G/G,C/C
P000931,*1/*1,G/G,C/T
P000932,*1/*3,G/G,C/C
P000933,*1/*2,A/A,C/T
P000934,*1/*1,A/G,C/C
P000935,*1/*1,G/G,C/C
P000936,*1/*2,A/G,C/T
P000937,*1/*1,G/G,T/T
P000938,*1/*3,G/G,C/T
P000939,*1/*1,A/G,T/T
P000940,*1/*1,G/G,C/C
P000941,*1/*1,G/G,C/C
P000942,*1/*1,G/G,C/T
P000943,*1/*1,G/G,C/C
P000944,*1/*1,A/G,T/T
P000945,*1/*1,G/G,C/C
P000946,*1/*1,A/G,C/T
P000947,*1/*1,A/A,C/C
P000948,*1/*1,G/G,C/T
P000949,*1/*1,A/G,C/C
P000950,*1/*1,A/G,C/C
P000951,*2/*3,A/G,C/C
P000952,*1/*2,A/G,C/T
P000953,*1/*1,G/G,C/C
P000954,*1/*1,G/G,C/C
P000955,*1/*1,G/G,C/C
P000956,*1/*2,A/G,C/C
P000957,*1/*1,G/G,C/T
P000958,*1/*1,G/G,C/T
P000959,*1/*3,A/G,C/C
P000960,*2/*3,A/G,C/C
P000961,*2/*2,A/G,C/T
P000962,*1/*1,A/G,C/T
P000963,*1/*2,G/G,C/T
P000964,*1/*1,G/G,C/C
P000965,*1/*2,G/G,C/C
P000966,*1/*1,G/G,C/C
P000967,*1/*2,A/G,C/C
P000968,*1/*2,G/G,C/C
P000969,*1/*2,A/A,C/T
P000970,*1/*2,G/G,C/C
P000971,*1/*1,A/G,C/C
P000972,*1/*3,G/G,C/C
P000973,*1/*3,A/G,C/T
P000974,*1/*1,G/G,C/C
P000975,*1/*1,G/G,C/T
P000976,*1/*3,A/A,C/C
P000977,*1/*1,A/G,C/T
P000978,*1/*2,G/G,C/C
P000979,*1/*1,A/G,C/C
P000980,*2/*3,A/G,C/C
P000981,*2/*3,A/G,C/C
P000982,*1/*1,A/G,C/C
P000983,*1/*1,G/G,C/T
P000984,*1/*1,G/G,C/C
P000985,*1/*1,A/G,C/T
P000986,*1/*1,G/G,C/C
P000987,*1/*3,G/G,C/C
P000988,*1/*3,G/G,C/C
P000989,*2/*2,G/G,T/T
P000990,*1/*1,A/G,C/C
P000991,*1/*3,G/G,C/C
P000992,*1/*2,A/A,C/C
P000993,*1/*1,A/G,C/T
P000994,*1/*1,A/G,T/T
P000995,*1/*3,G/G,C/T
P000996,*1/*1,G/G,C/C
P000997,*3/*3,A/G,T/T
P000998,*1/*2,G/G,C/T
P000999,*1/*1,A/A,C/C
P001000,*1/*1,A/G,C/C
P001001,*1/*1,G/G,C/T
P001002,*1/*1,G/G,C/C
P001003,*1/*2,A/G,C/C
P001004,*1/*2,A/A,C/T
P001005,*1/*2,G/G,C/C
P001006,*1/*3,A/G,C/T
P001007,*1/*1,A/A,C/C
P001008,*1/*2,A/A,C/C
P001009,*1/*2,A/G,C/C
P001010,*1/*1,G/G,C/T
P001011,*2/*3,A/G,C/C
P001012,*1/*3,A/G,C/C
P001013,*1/*1,A/G,C/C
P001014,*2/*2,A/A,C/C
P001015,*2/*3,A/G,C/T
P001016,*1/*3,G/G,C/C
P001017,*1/*1,A/A,C/C
P001018,*3/*3,A/G,C/C
P001019,*1/*1,A/G,C/C
P001020,*1/*1,G/G,T/T
P001021,*1/*1,A/A,C/C
P001022,*1/*1,G/G,C/T
P001023,*2/*2,G/G,C/C
P001024,*1/*3,G/G,C/C
P001025,*1/*3,G/G,C/T
P001026,*1/*1,G/G,C/C
P001027,*2/*2,G/G,C/C
P001028,*1/*1,G/G,C/C
P001029,*1/*1,A/G,C/T
P001030,*1/*2,G/G,C/C
P001031,*1/*1,G/G,C/C
P001032,*1/*1,G/G,C/T
P001033,*2/*3,A/G,C/C
P001034,*1/*2,G/G,C/C
P001035,*2/*3,A/A,C/C
P001036,*1/*2,A/G,T/T
P001037,*1/*1,G/G,C/T
P001038,*1/*1,A/G,C/T
P001039,*2/*3,A/G,C/T
P001040,*1/*1,G/G,C/C
P001041,*1/*1,A/G,C/C
P001042,*1/*1,G/G,C/C
P001043,*1/*2,G/G,C/T
P001044,*1/*1,G/G,C/C
P001045,*1/*1,G/G,C/C
P001046,*1/*3,A/G,C/T
P001047,*1/*1,G/G,C/C
P001048,*1/*2,G/G,C/C
P001049,*1/*3,A/G,C/C
P001050,*1/*3,A/G,C/T
P001051,*1/*1,G/G,C/C
P001052,*1/*2,A/G,C/C
P001053,*2/*2,G/G,C/T
P001054,*1/*3,A/G,C/T
P001055,*1/*3,G/G,C/C
P001056,*2/*2,G/G,C/C
P001057,*1/*3,A/A,C/C
P001058,*1/*1,A/A,C/C
P001059,*3/*3,A/A,C/T
P001060,*1/*1,A/A,C/T
P001061,*3/*3,G/G,C/C
P001062,*1/*1,G/G,C/C
P001063,*1/*2,G/G,T/T
P001064,*2/*2,G/G,T/T
P001065,*1/*1,A/G,C/C
P001066,*1/*1,A/G,C/C
P001067,*1/*2,A/G,C/C
P001068,*1/*3,A/G,C/C
P001069,*1/*1,G/G,C/C
P001070,*1/*1,G/G,C/C
P001071,*1/*1,A/G,C/T
P001072,*1/*1,A/G,C/C
P001073,*1/*1,G/G,C/C
P001074,*1/*1,G/G,T/T
P001075,*1/*1,A/A,C/C
P001076,*1/*3,A/A,C/T
P001077,*2/*2,A/G,T/T
P001078,*1/*2,G/G,C/C
P001079,*1/*1,A/G,T/T
P001080,*1/*2,G/G,C/C
P001081,*2/*2,A/A,C/C
P001082,*1/*1,G/G,C/C
P001083,*1/*1,G/G,C/C
P001084,*3/*3,G/G,C/C
P001085,*1/*2,A/G,C/T
P001086,*1/*3,G/G,C/T
P001087,*1/*3,A/A,T/T
P001088,*1/*1,G/G,C/C
P001089,*1/*1,G/G,C/C
P001090,*1/*2,A/G,C/C
P001091,*1/*1,G/G,T/T
P001092,*1/*2,A/A,C/C
P001093,*1/*1,G/G,T/T
P001094,*1/*3,G/G,C/C
P001095,*2/*2,A/G,C/T
P001096,*1/*1,A/A,C/C
P001097,*1/*3,A/A,C/T
P001098,*1/*1,G/G,C/C
P001099,*1/*2,A/G,C/T
P001100,*1/*1,A/G,C/C
P001101,*1/*2,A/G,C/C
P001102,*1/*1,A/G,C/C
P001103,*1/*1,G/G,C/C
P001104,*1/*1,A/G,C/C
P001105,*1/*1,A/A,C/T
P001106,*2/*3,A/A,C/C
P001107,*1/*1,G/G,C/C
P001108,*1/*1,A/G,C/T
P001109,*1/*2,G/G,C/C
P001110,*1/*1,G/G,C/C
P001111,*1/*2,G/G,C/T
P001112,*1/*1,G/G,C/T
P001113,*1/*1,G/G,C/T
P001114,*1/*1,G/G,C/T
P001115,*1/*1,G/G,C/C
P001116,*1/*1,G/G,C/T
P001117,*1/*3,G/G,C/C
P001118,*1/*1,G/G,C/T
P001119,*1/*2,G/G,C/C
P001120,*1/*3,G/G,C/C
P001121,*1/*1,A/G,C/T
P001122,*1/*2,G/G,C/C
P001123,*1/*2,A/A,C/T
P001124,*1/*3,A/G,C/T
P001125,*2/*2,A/A,C/C
P001126,*1/*1,G/G,C/C
P001127,*1/*1,G/G,T/T
P001128,*1/*1,G/G,C/C
P001129,*1/*1,A/G,C/T
P001130,*1/*1,A/A,T/T
P001131,*2/*2,G/G,C/C
P001132,*1/*1,A/G,C/C
P001133,*1/*1,A/G,C/C
P001134,*1/*1,A/G,C/C
P001135,*1/*1,A/G,C/C
P001136,*1/*1,G/G,T/T
P001137,*1/*3,A/G,C/C
P001138,*3/*3,G/G,C/C
P001139,*1/*1,A/G,C/C
P001140,*1/*1,G/G,C/C
P001141,*1/*3,A/G,C/C
P001142,*2/*2,A/G,C/C
P001143,*2/*3,A/G,C/C
P001144,*1/*1,G/G,C/C
P001145,*1/*1,G/G,C/C
P001146,*1/*2,G/G,C/T
P001147,*1/*1,A/G,C/T
P001148,*1/*3,A/G,C/C
P001149,*1/*3,G/G,C/C
P001150,*1/*3,A/G,C/C
P001151,*1/*2,A/G,C/T
P001152,*1/*3,G/G,C/C
P001153,*1/*3,A/G,C/C
P001154,*1/*1,A/G,C/C
P001155,*2/*2,G/G,C/T
P001156,*1/*3,A/G,C/T
P001157,*1/*3,G/G,T/T
P001158,*1/*1,G/G,C/C
P001159,*2/*2,A/G,C/T
P001160,*1/*1,A/G,C/C
P001161,*1/*2,G/G,C/C
P001162,*2/*3,G/G,C/C
P001163,*2/*3,A/G,C/T
P001164,*1/*3,A/G,C/T
P001165,*1/*1,G/G,C/C
P001166,*2/*3,G/G,C/T
P001167,*3/*3,G/G,C/C
P001168,*1/*1,G/G,C/C
P001169,*1/*1,G/G,C/C
P001170,*1/*1,A/A,T/T
P001171,*1/*1,A/G,C/C
P001172,*1/*1,A/A,C/C
P001173,*1/*2,A/A,T/T
P001174,*2/*3,A/G,C/C
P001175,*1/*1,A/G,T/T
P001176,*2/*2,G/G,C/C
P001177,*2/*2,A/G,C/T
P001178,*2/*2,G/G,C/T
P001179,*1/*2,A/G,C/C
P001180,*1/*1,A/G,C/T
P001181,*1/*1,A/G,C/C
P001182,*2/*3,A/G,C/C
P001183,*1/*2,A/G,C/C
P001184,*1/*1,A/G,T/T
P001185,*1/*1,G/G,C/C
P001186,*1/*1,A/G,C/C
P001187,*2/*3,A/G,C/C
P001188,*1/*2,G/G,C/C
P001189,*1/*2,G/G,T/T
P001190,*1/*1,A/A,C/C
P001191,*2/*2,A/G,C/T
P001192,*1/*1,G/G,C/C
P001193,*2/*3,A/G,C/T
P001194,*1/*2,A/G,C/C
P001195,*1/*2,G/G,C/C
P001196,*1/*1,A/G,C/C
P001197,*1/*1,A/G,C/C
P001198,*1/*1,G/G,T/T
P001199,*1/*1,A/G,C/C
P001200,*1/*1,A/G,C/C
P001201,*1/*3,A/G,C/T
P001202,*1/*1,G/G,C/C
P001203,*1/*1,G/G,C/T
P001204,*1/*1,A/G,C/C
P001205,*1/*1,A/G,T/T
P001206,*1/*1,A/A,T/T
P001207,*1/*2,A/G,C/T
P001208,*1/*1,G/G,C/C
P001209,*1/*1,A/A,C/C
P001210,*1/*2,G/G,C/C
P001211,*1/*1,A/G,C/T
P001212,*2/*2,G/G,C/T
P001213,*2/*3,A/G,T/T
P001214,*1/*3,A/A,C/C
P001215,*1/*1,A/G,C/C
P001216,*1/*2,A/G,T/T
P001217,*1/*2,A/G,C/C
P001218,*1/*2,A/G,C/C
P001219,*1/*1,A/G,C/C
P001220,*1/*1,G/G,C/C
P001221,*1/*1,A/A,C/C
P001222,*1/*2,A/A,C/T
P001223,*2/*2,G/G,C/T
P001224,*1/*1,A/G,C/C
P001225,*1/*1,G/G,C/T
P001226,*1/*1,A/A,T/T
P001227,*1/*1,A/G,C/C
P001228,*1/*1,G/G,C/T
P001229,*1/*1,A/G,T/T
P001230,*1/*1,G/G,C/C
P001231,*1/*2,G/G,C/T
P001232,*1/*2,A/G,C/T
P001233,*2/*3,A/G,C/C
P001234,*1/*2,G/G,C/C
P001235,*1/*1,A/G,C/T
P001236,*1/*3,G/G,C/C
P001237,*1/*1,G/G,C/C
P001238,*1/*1,G/G,C/C
P001239,*1/*1,A/A,C/T
P001240,*1/*1,A/G,C/T
P001241,*1/*1,G/G,C/C
P001242,*1/*1,A/G,C/C
P001243,*1/*1,A/A,C/C
P001244,*1/*1,A/G,C/C
P001245,*1/*3,G/G,C/T
P001246,*1/*1,A/G,T/T
P001247,*1/*1,G/G,C/C
P001248,*1/*3,G/G,C/C
P001249,*1/*1,A/G,C/C
P001250,*1/*3,A/G,C/C
P001251,*1/*3,A/A,C/C
P001252,*3/*3,G/G,C/T
P001253,*1/*1,A/G,C/T
P001254,*1/*1,G/G,C/T
P001255,*1/*3,A/A,C/C
P001256,*1/*1,G/G,C/T
P001257,*1/*1,G/G,T/T
P001258,*1/*1,A/G,T/T
P001259,*1/*3,G/G,C/C
P001260,*1/*1,G/G,C/C
P001261,*1/*2,A/G,C/T
P001262,*1/*1,A/G,C/T
P001263,*1/*2,A/G,C/C
P001264,*1/*1,G/G,C/T
P001265,*1/*1,G/G,C/C
P001266,*1/*1,A/G,C/T
P001267,*1/*1,G/G,C/T
P001268,*1/*1,G/G,C/C
P001269,*1/*2,G/G,C/C
P001270,*2/*3,A/G,C/T
P001271,*1/*3,A/G,T/T
P001272,*1/*3,A/G,C/T
P001273,*3/*3,G/G,C/C
P001274,*1/*1,G/G,C/T
P001275,*1/*1,G/G,C/C
P001276,*2/*3,A/G,C/C
P001277,*1/*2,G/G,C/C
P001278,*2/*3,A/G,C/T
P001279,*1/*2,G/G,C/T
P001280,*1/*2,G/G,C/C
P001281,*2/*2,A/A,C/T
P001282,*1/*3,A/A,C/T
P001283,*1/*1,G/G,C/T
P001284,*1/*1,G/G,C/C
P001285,*1/*3,A/G,C/T
P001286,*1/*2,G/G,C/C
P001287,*1/*1,G/G,C/T
P001288,*1/*1,G/G,C/C
P001289,*1/*2,G/G,C/C
P001290,*1/*1,A/G,C/T
P001291,*1/*1,A/A,C/C
P001292,*1/*1,A/G,C/C
P001293,*1/*3,G/G,C/C
P001294,*1/*1,A/G,C/T
P001295,*1/*2,G/G,C/C
P001296,*1/*3,G/G,C/T
P001297,*1/*1,A/A,C/T
P001298,*1/*1,G/G,C/C
P001299,*2/*3,A/A,C/T
P001300,*1/*3,A/G,C/C
P001301,*1/*1,A/G,C/T
P001302,*1/*3,G/G,C/C
P001303,*1/*3,A/G,C/C
P001304,*1/*3,G/G,C/C
P001305,*1/*1,A/A,T/T
P001306,*1/*1,A/G,C/T
P001307,*1/*3,A/G,C/C
P001308,*1/*1,A/G,T/T
P001309,*1/*1,A/G,C/T
P001310,*1/*1,A/G,C/C
P001311,*1/*2,G/G,C/C
P001312,*1/*1,G/G,C/C
P001313,*1/*1,A/G,C/T
P001314,*1/*3,A/G,C/C
P001315,*1/*1,G/G,C/C
P001316,*1/*1,G/G,C/T
P001317,*1/*2,G/G,C/C
P001318,*1/*2,A/G,C/T
P001319,*1/*2,G/G,C/C
P001320,*1/*1,G/G,T/T
P001321,*1/*1,A/G,C/T
P001322,*1/*2,A/G,C/C
P001323,*3/*3,G/G,C/C
P001324,*1/*1,A/A,C/C
P001325,*1/*2,A/G,C/C
P001326,*1/*1,G/G,T/T
P001327,*1/*1,G/G,C/C
P001328,*1/*1,A/G,C/T
P001329,*2/*2,A/G,C/C
P001330,*1/*1,G/G,T/T
P001331,*1/*1,G/G,C/T
P001332,*1/*3,A/G,C/C
P001333,*1/*1,G/G,T/T
P001334,*1/*1,G/G,C/C
P001335,*1/*1,A/G,C/T
P001336,*2/*3,A/A,C/T
P001337,*1/*1,G/G,C/C
P001338,*3/*3,A/A,C/T
P001339,*1/*1,G/G,C/C
P001340,*1/*1,A/G,C/C
P001341,*2/*2,G/G,C/T
P001342,*1/*1,G/G,C/C
P001343,*1/*1,G/G,C/C
P001344,*1/*2,A/A,C/C
P001345,*1/*1,A/G,C/C
P001346,*1/*2,A/G,C/T
P001347,*1/*2,G/G,T/T
P001348,*1/*1,G/G,C/C
P001349,*2/*2,A/A,C/C
P001350,*1/*1,G/G,C/C
P001351,*1/*1,A/G,C/T
P001352,*1/*1,A/G,C/T
P001353,*2/*2,G/G,C/C
P001354,*1/*2,A/G,C/C
P001355,*1/*1,G/G,C/C
P001356,*2/*3,G/G,C/T
P001357,*1/*2,A/G,C/C
P001358,*1/*2,G/G,C/C
P001359,*1/*1,G/G,C/C
P001360,*1/*2,G/G,C/T
P001361,*1/*1,A/G,C/C
P001362,*2/*3,A/A,C/C
P001363,*1/*1,A/G,C/T
P001364,*1/*1,G/G,C/C
P001365,*1/*1,G/G,C/T
P001366,*1/*1,A/G,C/T
P001367,*1/*1,A/G,C/C
P001368,*1/*3,G/G,C/T
P001369,*2/*3,G/G,C/C
P001370,*1/*2,A/A,C/C
P001371,*1/*1,A/A,C/C
P001372,*1/*1,G/G,T/T
P001373,*2/*3,A/G,T/T
P001374,*1/*1,A/G,T/T
P001375,*1/*2,G/G,C/C
P001376,*1/*1,A/G,C/C
P001377,*3/*3,A/G,C/T
P001378,*1/*1,A/G,C/T
P001379,*1/*1,G/G,C/C
P001380,*1/*2,G/G,C/C
P001381,*1/*1,A/G,C/C
P001382,*1/*2,G/G,C/C
P001383,*1/*1,G/G,C/C
P001384,*1/*1,G/G,C/T
P001385,*1/*2,G/G,C/C
P001386,*1/*1,A/G,C/C
P001387,*2/*2,A/G,C/C
P001388,*3/*3,A/G,C/C
P001389,*1/*3,G/G,C/C
P001390,*1/*2,G/G,T/T
P001391,*1/*1,A/G,C/T
P001392,*1/*1,A/A,C/C
P001393,*1/*2,A/G,C/C
P001394,*1/*1,G/G,C/T
P001395,*1/*1,G/G,C/C
P001396,*1/*3,G/G,C/T
P001397,*1/*2,G/G,C/T
P001398,*1/*1,A/G,C/C
P001399,*1/*3,A/G,C/C
P001400,*2/*3,A/A,C/T
P001401,*1/*1,G/G,C/C
P001402,*1/*2,G/G,C/C
P001403,*1/*1,A/G,C/C
P001404,*3/*3,A/A,C/C
P001405,*1/*1,A/G,C/C
P001406,*1/*3,A/G,C/C
P001407,*2/*2,A/G,C/C
P001408,*1/*3,G/G,C/C
P001409,*1/*3,A/G,C/C
P001410,*1/*1,G/G,C/C
P001411,*2/*3,A/G,C/C
P001412,*1/*3,G/G,C/C
P001413,*1/*1,G/G,T/T
P001414,*1/*1,A/G,T/T
P001415,*1/*1,G/G,C/T
P001416,*1/*3,A/G,C/T
P001417,*2/*2,A/G,C/C
P001418,*1/*3,G/G,C/T
P001419,*1/*1,G/G,C/T
P001420,*1/*1,A/A,C/T
P001421,*1/*2,A/G,C/C
P001422,*1/*2,G/G,C/T
P001423,*1/*1,G/G,C/T
P001424,*1/*2,A/G,C/T
P001425,*1/*2,G/G,C/T
P001426,*1/*2,A/A,C/T
P001427,*1/*2,G/G,C/C
P001428,*1/*2,A/G,C/T
P001429,*1/*1,A/A,C/C
P001430,*1/*3,A/G,C/C
P001431,*1/*1,G/G,C/C
P001432,*1/*2,G/G,C/C
P001433,*1/*1,G/G,C/T
P001434,*1/*3,A/A,C/C
P001435,*2/*2,G/G,C/T
P001436,*1/*1,G/G,C/T
P001437,*3/*3,G/G,C/T
P001438,*1/*1,A/G,C/C
P001439,*1/*1,G/G,C/C
P001440,*2/*2,A/A,C/C
P001441,*1/*3,A/G,C/C
P001442,*1/*1,G/G,C/C
P001443,*2/*3,A/A,C/T
P001444,*1/*2,G/G,C/C
P001445,*1/*1,G/G,T/T
P001446,*2/*2,G/G,C/C
P001447,*1/*2,A/A,C/C
P001448,*1/*1,A/G,C/C
P001449,*1/*3,A/G,C/C
P001450,*1/*3,A/G,C/C
P001451,*1/*1,G/G,C/C
P001452,*2/*2,A/G,C/C
P001453,*1/*3,A/G,C/C
P001454,*1/*1,A/G,C/C
P001455,*2/*2,G/G,C/C
P001456,*1/*1,A/G,C/C
P001457,*1/*2,A/G,C/C
P001458,*3/*3,A/A,C/C
P001459,*1/*3,A/A,C/C
P001460,*1/*1,A/A,C/C
P001461,*1/*2,G/G,C/C
P001462,*1/*2,A/G,C/C
P001463,*1/*1,G/G,C/T
P001464,*2/*2,A/A,C/T
P001465,*1/*3,G/G,C/T
P001466,*1/*3,A/A,C/C
P001467,*1/*2,A/G,C/T
P001468,*1/*1,A/G,C/C
P001469,*1/*3,G/G,C/T
P001470,*1/*2,A/A,T/T
P001471,*1/*1,G/G,T/T
P001472,*3/*3,A/G,C/C
P001473,*1/*3,G/G,C/T
P001474,*1/*2,A/A,C/T
P001475,*1/*1,A/A,C/C
P001476,*1/*1,A/G,C/C
P001477,*1/*1,A/G,C/C
P001478,*1/*3,A/A,C/C
P001479,*1/*3,A/A,C/T
P001480,*1/*3,A/A,C/C
P001481,*1/*2,A/A,C/T
P001482,*1/*2,A/G,T/T
P001483,*1/*3,G/G,T/T
P001484,*1/*3,G/G,C/C
P001485,*2/*3,G/G,C/T
P001486,*2/*2,G/G,C/C
P001487,*1/*1,A/G,C/T
P001488,*2/*3,A/G,C/T
P001489,*1/*1,A/G,C/C
P001490,*3/*3,G/G,C/C
P001491,*1/*3,G/G,C/C
P001492,*1/*2,A/A,C/T
P001493,*1/*1,G/G,C/T
P001494,*1/*1,A/G,C/C
P001495,*1/*1,A/G,C/T
P001496,*2/*2,A/G,T/T
P001497,*1/*2,A/A,C/T
P001498,*1/*1,A/A,C/C
P001499,*2/*3,G/G,C/C
P001500,*1/*1,G/G,T/T
P001501,*1/*2,G/G,C/C
P001502,*1/*1,G/G,C/T
P001503,*1/*1,A/G,C/C
P001504,*2/*2,G/G,C/T
P001505,*1/*2,G/G,C/C
P001506,*1/*1,G/G,C/T
P001507,*1/*1,A/G,C/C
P001508,*1/*3,A/G,T/T
P001509,*1/*1,A/G,C/T
P001510,*1/*2,A/G,C/C
P001511,*1/*3,A/G,C/C
P001512,*2/*2,A/G,C/C
P001513,*1/*3,A/A,T/T
P001514,*1/*1,G/G,C/C
P001515,*1/*1,A/G,C/C
P001516,*1/*3,A/G,C/T
P001517,*1/*1,A/A,C/C
P001518,*1/*2,G/G,C/C
P001519,*1/*3,A/G,C/T
P001520,*1/*3,G/G,C/C
P001521,*1/*1,A/G,C/C
P001522,*1/*1,G/G,C/C
P001523,*1/*1,G/G,C/C
P001524,*1/*3,G/G,C/C
P001525,*1/*2,G/G,C/C
P001526,*1/*1,G/G,C/T
P001527,*1/*1,G/G,C/C
P001528,*1/*2,A/A,C/T
P001529,*2/*2,A/A,C/C
P001530,*1/*2,G/G,C/C
P001531,*1/*2,G/G,C/T
P001532,*3/*3,A/A,C/T
P001533,*1/*2,A/A,C/C
P001534,*1/*1,A/A,C/C
P001535,*1/*1,A/A,C/C
P001536,*2/*3,A/G,C/T
P001537,*1/*2,A/G,C/C
P001538,*1/*2,A/G,T/T
P001539,*1/*1,G/G,C/C
P001540,*1/*1,A/G,C/C
P001541,*1/*1,G/G,C/T
P001542,*1/*1,A/G,C/C
P001543,*2/*3,A/G,C/C
P001544,*1/*1,G/G,C/C
P001545,*1/*2,A/G,C/T
P001546,*1/*1,A/G,C/C
P001547,*1/*3,G/G,C/C
P001548,*1/*1,A/A,T/T
P001549,*1/*1,G/G,T/T
P001550,*2/*2,A/G,C/C
P001551,*1/*3,A/G,C/T
P001552,*2/*3,A/G,C/C
P001553,*1/*1,A/G,C/C
P001554,*1/*1,A/G,C/C
P001555,*3/*3,G/G,C/C
P001556,*1/*3,G/G,C/C
P001557,*1/*3,A/A,C/C
P001558,*1/*2,G/G,C/T
P001559,*1/*3,A/G,C/C
P001560,*1/*3,A/A,C/C
P001561,*1/*1,A/G,C/T
P001562,*1/*2,G/G,C/C
P001563,*1/*3,G/G,C/C
P001564,*1/*1,G/G,T/T
P001565,*1/*1,G/G,C/T
P001566,*1/*1,G/G,C/C
P001567,*2/*2,A/G,C/T
P001568,*1/*3,A/G,T/T
P001569,*1/*3,A/A,C/T
P001570,*1/*3,G/G,C/C
P001571,*1/*1,G/G,C/T
P001572,*2/*2,A/G,C/C
P001573,*1/*1,A/G,C/T
P001574,*1/*3,A/G,C/C
P001575,*1/*1,A/A,C/C
P001576,*1/*1,A/G,C/C
P001577,*1/*1,G/G,C/T
P001578,*1/*2,A/A,C/C
P001579,*1/*3,A/G,T/T
P001580,*1/*1,G/G,C/C
P001581,*1/*1,A/G,C/C
P001582,*3/*3,G/G,C/T
P001583,*1/*1,G/G,C/T
P001584,*3/*3,A/G,C/C
P001585,*2/*2,A/G,C/C
P001586,*1/*1,G/G,C/C
P001587,*1/*1,A/G,T/T
P001588,*1/*2,G/G,C/C
P001589,*1/*3,G/G,T/T
P001590,*1/*2,G/G,C/T
P001591,*1/*1,A/G,C/C
P001592,*1/*3,A/G,C/T
P001593,*1/*1,A/A,C/T
P001594,*1/*1,A/G,C/C
P001595,*2/*3,A/G,C/C
P001596,*2/*3,A/G,C/C
P001597,*1/*1,G/G,C/C
P001598,*1/*1,G/G,C/C
P001599,*1/*2,G/G,C/T
P001600,*1/*1,G/G,C/C
P001601,*1/*1,G/G,C/C
P001602,*2/*2,G/G,C/C
P001603,*3/*3,G/G,C/C
P001604,*1/*1,A/G,C/C
P001605,*1/*3,G/G,C/T
P001606,*1/*1,A/A,C/C
P001607,*1/*1,G/G,T/T
P001608,*1/*1,A/A,C/T
P001609,*1/*1,A/G,T/T
P001610,*1/*1,G/G,T/T
P001611,*1/*3,G/G,C/C
P001612,*1/*2,A/A,C/T
P001613,*1/*1,A/G,C/C
P001614,*1/*1,A/G,T/T
P001615,*1/*3,A/A,C/T
P001616,*1/*2,A/G,C/C
P001617,*1/*1,G/G,C/C
P001618,*1/*1,A/G,C/T
P001619,*1/*1,A/G,C/T
P001620,*1/*2,A/G,C/C
P001621,*1/*1,G/G,C/C
P001622,*1/*3,G/G,C/T
P001623,*2/*2,G/G,C/C
P001624,*1/*1,A/G,C/C
P001625,*1/*1,G/G,C/C
P001626,*1/*2,A/A,C/C
P001627,*3/*3,G/G,C/T
P001628,*1/*1,G/G,C/C
P001629,*1/*2,A/A,C/C
P001630,*1/*1,G/G,C/C
P001631,*1/*2,G/G,C/C
P001632,*1/*1,G/G,C/C
P001633,*1/*1,A/A,C/C
P001634,*1/*1,A/G,T/T
P001635,*1/*1,A/G,C/C
P001636,*1/*1,G/G,T/T
P001637,*1/*2,G/G,C/T
P001638,*1/*2,A/G,C/C
P001639,*1/*2,A/A,C/T
P001640,*1/*1,A/A,C/C
P001641,*1/*1,G/G,C/C
P001642,*1/*3,G/G,C/T
P001643,*1/*1,A/G,C/T
P001644,*2/*3,G/G,C/T
P001645,*2/*2,A/G,C/C
P001646,*1/*1,A/G,C/C
P001647,*2/*2,A/G,C/C
P001648,*1/*2,G/G,T/T
P001649,*1/*3,A/G,C/T
P001650,*2/*2,A/G,C/C
P001651,*1/*1,G/G,C/T
P001652,*1/*3,A/A,C/T
P001653,*1/*2,A/G,C/T
P001654,*1/*3,G/G,C/C
P001655,*1/*2,A/G,T/T
P001656,*1/*1,G/G,T/T
P001657,*1/*1,G/G,C/T
P001658,*2/*3,G/G,C/C
P001659,*1/*1,A/G,C/T
P001660,*1/*1,A/A,C/C
P001661,*1/*2,A/A,C/C
P001662,*1/*1,G/G,C/C
P001663,*1/*1,A/G,C/C
P001664,*1/*1,G/G,C/C
P001665,*1/*1,G/G,C/C
P001666,*1/*3,G/G,C/T
P001667,*1/*1,G/G,C/T
P001668,*1/*2,G/G,C/C
P001669,*1/*1,A/G,C/C
P001670,*1/*3,A/G,C/C
P001671,*1/*2,G/G,C/T
P001672,*1/*1,G/G,C/C
P001673,*1/*1,G/G,C/C
P001674,*1/*3,A/G,C/C
P001675,*1/*3,A/A,C/C
P001676,*2/*3,A/A,C/T
P001677,*1/*1,A/G,C/C
P001678,*3/*3,A/G,C/C
P001679,*1/*1,A/G,C/T
P001680,*1/*1,A/G,C/T
P001681,*1/*1,A/G,C/C
P001682,*1/*1,A/G,C/T
P001683,*1/*3,G/G,T/T
P001684,*2/*2,G/G,C/C
P001685,*2/*3,G/G,C/C
P001686,*1/*2,G/G,C/C
P001687,*1/*2,G/G,C/T
P001688,*3/*3,A/G,C/T
P001689,*1/*2,G/G,C/T
P001690,*2/*3,A/G,C/T
P001691,*2/*3,A/G,T/T
P001692,*1/*1,A/A,T/T
P001693,*1/*1,A/G,C/C
P001694,*1/*1,A/A,C/T
P001695,*2/*2,G/G,C/C
P001696,*1/*3,A/G,C/C
P001697,*1/*2,G/G,C/C
P001698,*1/*1,A/G,C/T
P001699,*1/*1,G/G,C/C
P001700,*2/*3,G/G,C/C
P001701,*1/*1,G/G,C/C
P001702,*1/*2,A/G,C/C
P001703,*2/*3,G/G,C/C
P001704,*1/*3,G/G,C/C
P001705,*1/*2,G/G,C/C
P001706,*1/*1,G/G,C/C
P001707,*1/*3,A/G,C/C
P001708,*1/*1,A/A,C/T
P001709,*1/*3,A/G,C/C
P001710,*1/*1,A/G,C/C
P001711,*1/*3,A/G,C/C
P001712,*3/*3,G/G,C/C
P001713,*2/*3,G/G,C/C
P001714,*1/*1,G/G,T/T
P001715,*1/*1,A/G,C/C
P001716,*1/*1,G/G,C/T
P001717,*1/*1,G/G,C/C
P001718,*1/*2,A/A,C/T
P001719,*1/*3,A/G,T/T
P001720,*1/*1,G/G,C/T
P001721,*1/*1,A/G,C/T
P001722,*1/*2,G/G,C/T
P001723,*1/*1,G/G,C/C
P001724,*1/*1,G/G,C/C
P001725,*1/*2,G/G,C/T
P001726,*1/*2,A/A,C/C
P001727,*1/*1,G/G,C/C
P001728,*1/*1,G/G,C/C
P001729,*1/*1,G/G,T/T
P001730,*1/*1,A/G,C/C
P001731,*1/*1,G/G,C/C
P001732,*1/*1,G/G,C/C
P001733,*1/*3,G/G,T/T
P001734,*1/*1,G/G,C/C
P001735,*1/*1,A/A,C/C
P001736,*1/*1,G/G,C/C
P001737,*1/*1,G/G,C/C
P001738,*1/*1,G/G,T/T
P001739,*1/*1,G/G,C/T
P001740,*1/*1,A/G,C/T
P001741,*2/*2,A/G,C/T
P001742,*2/*3,A/A,C/T
P001743,*1/*3,A/G,C/C
P001744,*1/*1,G/G,T/T
P001745,*1/*1,G/G,C/C
P001746,*1/*2,G/G,C/T
P001747,*1/*1,A/A,C/C
P001748,*1/*1,G/G,C/C
P001749,*1/*3,A/A,C/C
P001750,*1/*1,G/G,C/C
P001751,*1/*1,G/G,C/C
P001752,*1/*1,G/G,C/C
P001753,*1/*3,G/G,C/T
P001754,*1/*3,G/G,C/C
P001755,*1/*2,G/G,C/C
P001756,*1/*1,A/G,C/T
P001757,*1/*3,A/G,C/T
P001758,*2/*3,G/G,C/T
P001759,*1/*2,A/G,C/C
P001760,*1/*1,G/G,C/C
P001761,*1/*2,G/G,C/C
P001762,*1/*2,A/G,C/C
P001763,*2/*2,A/G,C/T
P001764,*1/*2,G/G,C/C
P001765,*1/*3,G/G,C/T
P001766,*1/*2,G/G,C/C
P001767,*1/*1,G/G,C/C
P001768,*1/*1,A/G,C/C
P001769,*1/*1,G/G,C/C
P001770,*1/*1,G/G,C/C
P001771,*1/*2,G/G,C/C
P001772,*1/*2,A/G,C/C
P001773,*1/*1,A/A,C/T
P001774,*1/*1,A/G,T/T
P001775,*1/*1,A/A,C/C
P001776,*1/*3,G/G,C/T
P001777,*1/*3,G/G,C/C
P001778,*1/*3,G/G,C/C
P001779,*1/*1,G/G,C/T
P001780,*1/*1,A/A,C/T
P001781,*2/*3,G/G,C/C
P001782,*1/*1,G/G,C/C
P001783,*1/*2,G/G,C/C
P001784,*1/*3,A/G,T/T
P001785,*1/*2,A/G,C/C
P001786,*1/*2,G/G,C/C
P001787,*1/*1,A/A,C/C
P001788,*2/*3,A/A,C/C
P001789,*1/*1,A/G,C/T
P001790,*1/*1,A/G,C/C
P001791,*1/*1,A/G,C/C
P001792,*1/*1,A/A,C/T
P001793,*1/*2,A/G,C/C
P001794,*1/*2,G/G,T/T
P001795,*1/*1,G/G,C/C
P001796,*1/*1,G/G,C/T
P001797,*1/*1,A/G,C/C
P001798,*1/*1,G/G,C/C
P001799,*1/*1,G/G,C/C
P001800,*1/*3,G/G,C/C
P001801,*1/*1,G/G,C/C
P001802,*1/*1,A/G,C/T
P001803,*1/*1,G/G,C/C
P001804,*1/*2,A/G,C/T
P001805,*1/*3,A/A,C/C
P001806,*2/*3,A/G,C/C
P001807,*1/*2,A/G,C/C
P001808,*1/*1,G/G,C/T
P001809,*1/*1,A/G,C/C
P001810,*1/*1,A/A,C/C
P001811,*1/*3,G/G,C/C
P001812,*1/*3,A/A,C/C
P001813,*1/*1,G/G,C/C
P001814,*1/*3,G/G,C/T
P001815,*2/*2,A/A,C/C
P001816,*1/*3,A/G,C/C
P001817,*1/*1,G/G,C/T
P001818,*1/*1,A/A,C/T
P001819,*1/*1,A/G,C/T
P001820,*1/*1,A/G,C/T
P001821,*1/*1,G/G,T/T
P001822,*2/*2,A/G,T/T
P001823,*1/*1,A/A,C/C
P001824,*1/*3,A/A,C/C
P001825,*1/*3,A/G,C/C
P001826,*1/*1,G/G,C/C
P001827,*1/*1,A/G,C/T
P001828,*1/*2,G/G,T/T
P001829,*1/*3,A/G,C/C
P001830,*2/*3,G/G,C/C
P001831,*1/*3,A/A,C/C
P001832,*1/*3,G/G,C/C
P001833,*1/*2,A/A,C/C
P001834,*1/*1,A/G,C/C
P001835,*1/*3,A/G,C/T
P001836,*2/*3,A/G,C/C
P001837,*1/*1,A/G,C/C
P001838,*1/*1,A/A,C/C
P001839,*1/*2,G/G,C/C
P001840,*2/*3,G/G,C/C
P001841,*1/*1,G/G,C/C
P001842,*1/*3,G/G,C/C
P001843,*1/*3,G/G,C/C
P001844,*1/*3,G/G,C/C
P001845,*1/*2,A/A,C/C
P001846,*2/*3,A/G,C/T
P001847,*1/*1,G/G,T/T
P001848,*1/*1,G/G,C/C
P001849,*1/*1,G/G,C/C
P001850,*1/*1,A/G,C/T
P001851,*1/*1,G/G,C/C
P001852,*1/*1,G/G,C/T
P001853,*1/*3,G/G,C/C
P001854,*1/*1,A/G,C/C
P001855,*1/*3,A/G,T/T
P001856,*1/*1,G/G,C/C
P001857,*1/*1,A/G,C/T
P001858,*1/*1,G/G,C/C
P001859,*1/*1,A/G,T/T
P001860,*1/*1,A/A,C/T
P001861,*1/*1,A/G,C/T
P001862,*1/*2,G/G,C/T
P001863,*1/*1,G/G,C/C
P001864,*1/*1,G/G,C/C
P001865,*1/*1,A/G,C/T
P001866,*1/*3,G/G,C/C
P001867,*1/*1,A/A,C/C
P001868,*1/*1,G/G,C/T
P001869,*1/*1,A/G,C/C
P001870,*1/*3,A/G,C/T
P001871,*1/*1,A/G,C/C
P001872,*1/*1,A/G,T/T
P001873,*1/*2,G/G,T/T
P001874,*1/*2,A/G,C/T
P001875,*1/*1,G/G,C/C
P001876,*1/*1,G/G,C/T
P001877,*2/*3,G/G,C/C
P001878,*1/*1,G/G,C/C
P001879,*1/*1,G/G,C/C
P001880,*1/*1,G/G,C/T
P001881,*1/*3,A/G,C/C
P001882,*1/*1,A/G,C/T
P001883,*1/*1,G/G,C/T
P001884,*1/*2,A/A,C/C
P001885,*1/*1,A/G,C/C
P001886,*3/*3,G/G,C/T
P001887,*1/*1,G/G,C/C
P001888,*1/*1,G/G,C/C
P001889,*1/*1,A/A,C/T
P001890,*1/*3,A/G,C/C
P001891,*1/*1,A/G,C/C
P001892,*1/*2,A/G,C/T
P001893,*1/*1,A/G,C/C
P001894,*1/*2,A/G,C/C
P001895,*1/*1,G/G,C/T
P001896,*1/*2,A/A,C/T
P001897,*1/*2,A/A,C/T
P001898,*1/*1,G/G,C/C
P001899,*1/*3,A/G,C/C
P001900,*1/*2,A/G,C/C
P001901,*2/*2,G/G,C/C
P001902,*1/*1,G/G,C/C
P001903,*1/*1,A/A,C/C
P001904,*1/*1,A/G,C/C
P001905,*1/*1,G/G,C/C
P001906,*1/*1,G/G,T/T
P001907,*1/*1,A/G,C/C
P001908,*2/*2,A/G,C/C
P001909,*1/*2,A/G,C/T
P001910,*1/*1,A/G,T/T
P001911,*1/*3,A/G,C/T
P001912,*1/*1,A/A,C/T
P001913,*1/*3,A/G,C/C
P001914,*1/*1,G/G,C/T
P001915,*1/*1,G/G,C/C
P001916,*1/*3,G/G,C/C
P001917,*1/*1,A/G,C/C
P001918,*1/*1,G/G,C/T
P001919,*2/*2,A/G,C/C
P001920,*2/*2,G/G,C/C
P001921,*2/*2,A/A,C/C
P001922,*1/*1,G/G,C/T
P001923,*1/*3,A/A,C/T
P001924,*1/*1,A/G,C/C
P001925,*1/*3,A/A,C/C
P001926,*1/*1,G/G,C/C
P001927,*1/*1,G/G,C/T
P001928,*1/*3,G/G,C/C
P001929,*1/*3,A/A,C/T
P001930,*2/*3,A/G,C/C
P001931,*1/*1,G/G,C/C
P001932,*1/*1,G/G,C/T
P001933,*2/*2,G/G,C/T
P001934,*1/*2,A/A,C/T
P001935,*2/*2,A/G,C/C
P001936,*1/*3,G/G,C/C
P001937,*2/*2,G/G,C/C
P001938,*1/*2,A/G,C/C
P001939,*1/*3,G/G,C/C
P001940,*1/*1,A/G,C/C
P001941,*2/*3,G/G,C/C
P001942,*1/*1,A/G,C/C
P001943,*1/*1,A/A,C/C
P001944,*1/*2,A/A,C/C
P001945,*1/*3,G/G,C/T
P001946,*1/*2,A/G,T/T
P001947,*1/*1,A/G,T/T
P001948,*1/*3,A/G,C/C
P001949,*1/*3,G/G,C/T
P001950,*1/*2,G/G,C/T
P001951,*1/*1,G/G,C/C
P001952,*1/*2,G/G,C/T
P001953,*1/*3,A/G,C/C
P001954,*2/*3,A/G,C/C
P001955,*1/*1,A/G,C/C
P001956,*1/*1,G/G,C/C
P001957,*1/*1,A/G,C/T
P001958,*1/*1,A/G,C/C
P001959,*1/*2,A/G,C/C
P001960,*1/*2,G/G,C/C
P001961,*1/*2,A/G,C/C
P001962,*1/*1,G/G,C/T
P001963,*1/*1,A/G,C/C
P001964,*1/*1,A/G,C/C
P001965,*1/*1,G/G,C/C
P001966,*1/*3,G/G,C/C
P001967,*1/*1,G/G,C/T
P001968,*1/*2,G/G,C/T
P001969,*1/*1,G/G,C/T
P001970,*1/*2,G/G,C/C
P001971,*1/*1,G/G,T/T
P001972,*1/*1,G/G,C/C
P001973,*1/*2,G/G,T/T
P001974,*1/*1,A/G,C/T
P001975,*1/*1,A/G,C/T
P001976,*1/*3,G/G,C/T
P001977,*1/*1,G/G,C/T
P001978,*1/*3,A/G,T/T
P001979,*1/*1,G/G,T/T
P001980,*1/*1,G/G,C/C
P001981,*1/*1,G/G,T/T
P001982,*1/*1,A/G,C/C
P001983,*1/*1,A/G,T/T
P001984,*1/*1,G/G,C/C
P001985,*1/*3,G/G,C/C
P001986,*1/*3,G/G,C/C
P001987,*1/*3,A/A,C/T
P001988,*1/*1,G/G,C/T
P001989,*1/*1,G/G,C/C
P001990,*1/*2,A/G,C/C
P001991,*1/*1,A/G,C/C
P001992,*1/*2,G/G,C/C
P001993,*1/*3,A/A,C/T
P001994,*1/*1,A/G,C/C
P001995,*1/*1,A/A,C/C
P001996,*2/*3,A/A,C/C
P001997,*1/*1,G/G,C/T
P001998,*2/*3,G/G,C/C
P001999,*1/*3,G/G,C/T
P002000,*1/*1,A/G,C/T
P002001,*1/*1,A/G,C/T
P002002,*2/*3,G/G,C/T
P002003,*1/*2,A/A,C/T
P002004,*1/*1,A/G,C/C
P002005,*1/*1,A/G,C/C
P002006,*1/*3,G/G,C/C
P002007,*1/*1,A/G,C/T
P002008,*1/*1,A/A,C/T
P002009,*1/*1,G/G,C/C
P002010,*1/*1,G/G,C/T
P002011,*1/*1,G/G,C/C
P002012,*1/*1,G/G,C/C
P002013,*1/*1,G/G,C/C
P002014,*1/*1,G/G,C/T
P002015,*2/*2,G/G,C/C
P002016,*1/*2,G/G,C/C
P002017,*1/*1,G/G,C/C
P002018,*1/*2,G/G,C/C
P002019,*1/*1,G/G,C/C
P002020,*2/*2,A/A,C/C
P002021,*1/*2,G/G,C/C
P002022,*1/*1,A/A,C/C
P002023,*2/*3,G/G,C/C
P002024,*1/*3,G/G,C/T
P002025,*1/*1,G/G,T/T
P002026,*2/*3,G/G,T/T
P002027,*2/*2,A/G,C/C
P002028,*2/*3,G/G,C/T
P002029,*1/*1,A/A,C/C
P002030,*2/*3,A/A,C/C
P002031,*1/*1,A/G,C/C
P002032,*1/*2,A/G,T/T
P002033,*1/*1,A/G,C/C
P002034,*1/*1,G/G,C/T
P002035,*1/*1,G/G,C/C
P002036,*1/*1,G/G,C/C
P002037,*1/*1,A/G,C/C
P002038,*1/*1,A/G,T/T
P002039,*2/*3,A/G,C/C
P002040,*1/*3,A/G,C/T
P002041,*1/*2,A/G,C/C
P002042,*1/*2,G/G,C/C
P002043,*1/*1,G/G,C/C
P002044,*1/*1,G/G,C/C
P002045,*1/*2,A/A,C/C
P002046,*1/*3,G/G,C/C
P002047,*1/*1,G/G,T/T
P002048,*1/*1,A/G,C/C
P002049,*1/*1,A/G,C/C
P002050,*1/*2,A/G,C/C
P002051,*1/*1,A/G,C/C
P002052,*1/*2,G/G,C/C
P002053,*1/*1,A/G,C/T
P002054,*1/*2,G/G,C/C
P002055,*2/*2,A/G,C/T
P002056,*2/*2,A/G,C/T
P002057,*1/*2,G/G,C/C
P002058,*1/*1,G/G,C/T
P002059,*1/*3,A/G,T/T
P002060,*1/*1,G/G,C/T
P002061,*1/*3,G/G,C/C
P002062,*1/*3,G/G,C/C
P002063,*1/*1,G/G,T/T
P002064,*1/*1,A/G,C/T
P002065,*1/*1,G/G,T/T
P002066,*1/*1,G/G,T/T
P002067,*1/*1,G/G,C/C
P002068,*1/*1,A/G,C/C
P002069,*1/*2,A/G,C/C
P002070,*1/*3,A/G,C/C
P002071,*1/*3,A/G,T/T
P002072,*2/*3,A/G,C/T
P002073,*1/*3,G/G,C/C
P002074,*3/*3,G/G,C/T
P002075,*1/*3,G/G,C/C
P002076,*1/*2,G/G,C/T
P002077,*1/*1,G/G,C/T
P002078,*1/*2,A/G,C/C
P002079,*1/*2,G/G,C/C
P002080,*1/*3,A/G,C/T
P002081,*1/*3,A/G,C/C
P002082,*2/*2,A/A,C/C
P002083,*1/*1,A/A,T/T
P002084,*1/*2,G/G,C/C
P002085,*1/*1,G/G,C/T
P002086,*1/*1,A/A,C/C
P002087,*3/*3,G/G,C/C
P002088,*1/*3,G/G,C/C
P002089,*1/*1,A/A,C/C
P002090,*1/*1,G/G,C/C
P002091,*1/*3,A/G,C/C
P002092,*1/*1,G/G,C/C
P002093,*1/*1,G/G,C/T
P002094,*1/*1,G/G,C/C
P002095,*2/*2,A/A,C/C
P002096,*1/*3,A/G,C/C
P002097,*1/*1,G/G,C/C
P002098,*2/*2,A/G,C/T
P002099,*2/*3,A/G,C/C
P002100,*1/*2,G/G,C/T
P002101,*1/*1,G/G,C/C
P002102,*1/*2,G/G,C/C
P002103,*1/*1,A/G,C/T
P002104,*1/*2,A/G,C/C
P002105,*1/*1,A/G,C/C
P002106,*1/*1,G/G,C/C
P002107,*1/*1,G/G,C/T
P002108,*1/*2,A/A,C/C
P002109,*1/*1,G/G,C/C
P002110,*1/*2,G/G,T/T
P002111,*1/*3,G/G,C/C
P002112,*1/*1,G/G,C/C
P002113,*1/*3,A/G,C/C
P002114,*1/*1,G/G,T/T
P002115,*1/*3,A/G,C/T
P002116,*1/*1,A/A,C/C
P002117,*1/*2,A/G,C/C
P002118,*1/*1,A/A,C/T
P002119,*1/*1,A/G,C/T
P002120,*1/*1,G/G,C/C
P002121,*1/*3,G/G,C/C
P002122,*1/*1,G/G,T/T
P002123,*2/*3,G/G,C/T
P002124,*2/*2,G/G,C/C
P002125,*1/*3,A/A,C/T
P002126,*1/*2,A/G,C/C
P002127,*1/*1,A/G,C/C
P002128,*2/*3,G/G,C/T
P002129,*1/*1,A/G,C/T
P002130,*1/*1,G/G,C/C
P002131,*2/*2,G/G,C/C
P002132,*1/*1,A/A,C/C
P002133,*1/*1,G/G,C/C
P002134,*1/*1,G/G,C/T
P002135,*3/*3,A/G,C/C
P002136,*3/*3,A/G,C/C
P002137,*1/*3,G/G,T/T
P002138,*2/*2,A/G,C/C
P002139,*1/*1,G/G,C/C
P002140,*1/*1,A/G,C/C
P002141,*1/*1,A/G,C/C
P002142,*1/*1,G/G,C/C
P002143,*1/*2,A/A,T/T
P002144,*1/*1,G/G,T/T
P002145,*1/*1,G/G,T/T
P002146,*1/*1,G/G,T/T
P002147,*1/*1,G/G,T/T
P002148,*2/*2,A/G,C/C
P002149,*1/*1,G/G,C/C
P002150,*1/*1,A/G,C/C
P002151,*1/*1,G/G,C/T
P002152,*1/*3,G/G,C/C
P002153,*1/*2,A/A,C/C
P002154,*1/*2,G/G,C/T
P002155,*1/*1,G/G,C/C
P002156,*1/*1,A/G,C/T
P002157,*1/*1,G/G,C/T
P002158,*1/*1,A/G,C/C
P002159,*1/*1,G/G,C/T
P002160,*2/*2,A/G,T/T
P002161,*1/*1,A/G,C/C
P002162,*1/*3,G/G,C/C
P002163,*1/*1,A/G,C/C
P002164,*1/*1,A/G,C/C
P002165,*1/*1,G/G,C/T
P002166,*2/*2,A/A,C/T
P002167,*1/*1,A/A,C/C
P002168,*1/*2,A/G,T/T
P002169,*1/*1,A/G,C/T
P002170,*1/*1,G/G,C/C
P002171,*1/*2,A/A,C/C
P002172,*1/*1,G/G,C/T
P002173,*1/*3,A/G,C/C
P002174,*1/*3,A/G,C/C
P002175,*1/*1,G/G,C/C
P002176,*1/*2,G/G,C/T
P002177,*1/*1,G/G,C/C
P002178,*1/*3,G/G,C/T
P002179,*1/*3,A/A,T/T
P002180,*1/*1,A/G,C/C
P002181,*1/*3,A/G,T/T
P002182,*1/*1,A/A,C/C
P002183,*1/*1,G/G,C/C
P002184,*1/*3,A/A,C/T
P002185,*1/*1,A/G,C/C
P002186,*1/*1,G/G,C/C
P002187,*1/*1,G/G,C/T
P002188,*1/*3,A/G,C/C
P002189,*1/*1,A/G,C/C
P002190,*1/*1,G/G,C/C
P002191,*1/*1,A/A,C/T
P002192,*1/*1,A/A,C/C
P002193,*1/*3,A/A,C/C
P002194,*1/*1,G/G,C/C
P002195,*1/*3,A/G,C/C
P002196,*1/*2,G/G,C/C
P002197,*1/*1,A/G,C/T
P002198,*1/*1,A/A,C/T
P002199,*1/*2,G/G,C/C
P002200,*1/*1,A/G,T/T
P002201,*1/*3,G/G,C/C
P002202,*2/*3,A/A,C/T
P002203,*1/*3,G/G,C/T
P002204,*3/*3,A/G,C/T
P002205,*1/*2,A/G,C/T
P002206,*1/*1,A/G,C/C
P002207,*1/*1,G/G,C/C
P002208,*1/*1,G/G,C/C
P002209,*1/*1,G/G,C/T
P002210,*1/*1,A/A,C/C
P002211,*1/*1,A/G,C/C
P002212,*1/*1,G/G,C/C
P002213,*1/*1,G/G,C/C
P002214,*1/*1,A/A,C/C
P002215,*1/*1,A/G,C/C
P002216,*1/*3,G/G,C/C
P002217,*1/*1,A/A,T/T
P002218,*1/*3,A/G,C/C
P002219,*1/*3,A/G,C/C
P002220,*1/*3,G/G,C/C
P002221,*1/*2,A/G,C/T
P002222,*1/*2,A/G,C/C
P002223,*1/*1,G/G,C/C
P002224,*1/*2,G/G,C/C
P002225,*1/*1,A/A,C/T
P002226,*1/*2,G/G,C/C
P002227,*1/*3,G/G,C/T
P002228,*1/*1,G/G,C/C
P002229,*1/*2,G/G,C/T
P002230,*1/*1,G/G,C/C
P002231,*1/*2,A/G,C/C
P002232,*1/*1,A/A,C/C
P002233,*1/*1,G/G,C/C
P002234,*1/*1,G/G,C/C
P002235,*1/*1,A/G,C/C
P002236,*1/*1,A/G,T/T
P002237,*1/*2,G/G,C/C
P002238,*1/*2,A/G,C/T
P002239,*1/*1,G/G,C/C
P002240,*1/*1,G/G,C/T
P002241,*1/*2,A/A,C/C
P002242,*1/*3,G/G,T/T
P002243,*1/*1,G/G,C/C
P002244,*1/*2,A/G,C/C
P002245,*1/*3,A/G,T/T
P002246,*1/*1,G/G,C/C
P002247,*1/*1,A/A,C/C
P002248,*2/*2,G/G,C/C
P002249,*1/*1,G/G,C/T
P002250,*1/*2,G/G,C/C
P002251,*1/*1,G/G,C/C
P002252,*1/*1,G/G,C/C
P002253,*1/*1,G/G,C/C
P002254,*1/*2,A/G,C/T
P002255,*1/*3,A/G,C/C
P002256,*1/*1,A/G,C/C
P002257,*1/*2,G/G,T/T
P002258,*1/*1,G/G,C/C
P002259,*1/*1,A/A,C/C
P002260,*1/*2,G/G,C/C
P002261,*1/*1,G/G,C/C
P002262,*1/*2,A/G,C/C
P002263,*1/*2,A/G,C/T
P002264,*1/*1,G/G,C/T
P002265,*1/*2,G/G,C/T
P002266,*1/*3,A/G,C/T
P002267,*1/*2,G/G,C/C
P002268,*1/*3,A/A,T/T
P002269,*2/*2,G/G,C/C
P002270,*3/*3,G/G,C/C
P002271,*1/*2,G/G,C/C
P002272,*1/*1,G/G,C/C
P002273,*1/*2,A/A,C/T
P002274,*1/*1,A/A,C/C
P002275,*1/*2,G/G,C/C
P002276,*1/*2,A/A,C/C
P002277,*3/*3,A/G,T/T
P002278,*3/*3,G/G,C/T
P002279,*1/*3,A/G,C/C
P002280,*1/*1,G/G,C/C
P002281,*1/*1,A/G,C/C
P002282,*1/*1,G/G,C/C
P002283,*1/*3,G/G,C/T
P002284,*1/*3,A/G,C/C
P002285,*1/*3,G/G,T/T
P002286,*1/*1,G/G,C/C
P002287,*1/*1,A/G,C/T
P002288,*1/*1,G/G,C/T
P002289,*1/*1,G/G,C/C
P002290,*1/*1,G/G,C/C
P002291,*1/*1,A/G,T/T
P002292,*2/*3,G/G,C/C
P002293,*1/*3,G/G,C/C
P002294,*1/*1,G/G,C/C
P002295,*1/*1,G/G,C/T
P002296,*1/*1,G/G,C/C
P002297,*1/*1,A/A,C/C
P002298,*1/*1,A/A,C/C
P002299,*1/*3,A/A,C/T
P002300,*1/*1,G/G,C/C
P002301,*1/*1,G/G,C/C
P002302,*1/*1,G/G,C/C
P002303,*1/*2,A/G,C/C
P002304,*2/*2,G/G,C/T
P002305,*1/*3,G/G,C/T
P002306,*1/*1,A/G,C/C
P002307,*1/*1,G/G,C/C
P002308,*1/*3,A/G,C/C
P002309,*1/*1,G/G,C/C
P002310,*1/*1,G/G,C/C
P002311,*1/*1,A/G,C/C
P002312,*1/*1,G/G,C/T
P002313,*1/*1,G/G,C/C
P002314,*1/*3,A/A,T/T
P002315,*1/*1,A/G,C/T
P002316,*1/*3,G/G,T/T
P002317,*2/*2,G/G,T/T
P002318,*1/*1,A/G,C/C
P002319,*1/*1,A/G,C/C
P002320,*1/*2,G/G,C/C
P002321,*1/*3,A/A,C/C
P002322,*1/*1,A/G,C/C
P002323,*1/*3,A/G,C/C
P002324,*1/*2,G/G,C/C
P002325,*3/*3,A/G,C/T
P002326,*1/*3,A/G,T/T
P002327,*1/*1,A/G,C/C
P002328,*1/*1,A/G,C/C
P002329,*1/*1,A/A,C/C
P002330,*1/*1,A/G,C/T
P002331,*1/*3,A/G,C/C
P002332,*2/*3,G/G,C/C
P002333,*3/*3,A/G,C/T
P002334,*1/*1,G/G,C/T
P002335,*1/*1,A/G,C/T
P002336,*1/*2,A/G,C/C
P002337,*1/*1,G/G,C/T
P002338,*1/*1,A/G,C/T
P002339,*1/*3,G/G,T/T
P002340,*1/*3,G/G,C/C
P002341,*2/*2,A/G,C/C
P002342,*1/*1,G/G,C/C
P002343,*1/*2,G/G,C/C
P002344,*1/*3,G/G,T/T
P002345,*1/*1,A/G,C/T
P002346,*1/*3,A/A,C/C
P002347,*1/*1,A/G,C/T
P002348,*1/*3,A/G,C/C
P002349,*1/*2,G/G,C/C
P002350,*1/*1,G/G,C/T
P002351,*1/*3,A/G,T/T
P002352,*1/*1,G/G,C/T
P002353,*1/*2,A/G,T/T
P002354,*1/*3,A/G,C/C
P002355,*1/*3,A/G,C/C
P002356,*3/*3,A/G,C/C
P002357,*1/*1,A/A,C/T
P002358,*1/*1,A/G,C/T
P002359,*1/*3,G/G,C/T
P002360,*1/*2,G/G,C/C
P002361,*2/*2,A/G,C/C
P002362,*1/*1,A/G,C/C
P002363,*1/*3,G/G,C/T
P002364,*1/*3,A/A,C/C
P002365,*1/*3,G/G,C/C
P002366,*2/*2,G/G,T/T
P002367,*1/*1,G/G,C/T
P002368,*1/*1,G/G,T/T
P002369,*1/*1,G/G,C/C
P002370,*1/*1,G/G,C/C
P002371,*1/*2,A/A,C/C
P002372,*2/*3,G/G,C/C
P002373,*1/*2,A/G,C/C
P002374,*2/*2,A/G,C/C
P002375,*2/*3,A/A,C/C
P002376,*1/*1,G/G,C/C
P002377,*1/*1,G/G,C/T
P002378,*1/*1,G/G,C/C
P002379,*1/*2,A/A,C/C
P002380,*1/*1,G/G,C/C
P002381,*1/*3,G/G,C/C
P002382,*1/*1,G/G,C/C
P002383,*1/*1,G/G,C/T
P002384,*1/*1,A/A,C/C
P002385,*1/*2,A/G,C/C
P002386,*1/*3,G/G,C/C
P002387,*2/*3,G/G,C/C
P002388,*2/*2,A/G,C/T
P002389,*1/*1,A/G,T/T
P002390,*1/*3,G/G,C/T
P002391,*1/*1,G/G,C/C
P002392,*1/*1,A/G,T/T
P002393,*1/*2,A/G,C/C
P002394,*1/*1,A/G,C/C
P002395,*1/*1,G/G,C/C
P002396,*1/*1,G/G,T/T
P002397,*3/*3,A/G,T/T
P002398,*1/*3,A/G,C/C
P002399,*1/*1,A/A,T/T
P002400,*2/*3,A/A,C/C
P002401,*2/*3,G/G,C/C
P002402,*1/*3,G/G,C/T
P002403,*1/*2,G/G,C/C
P002404,*1/*1,G/G,C/T
P002405,*1/*2,G/G,C/T
P002406,*1/*2,A/G,T/T
P002407,*2/*3,A/G,C/C
P002408,*1/*3,G/G,C/C
P002409,*1/*1,A/G,C/T
P002410,*1/*1,G/G,T/T
P002411,*1/*2,A/G,C/C
P002412,*1/*3,A/G,T/T
P002413,*1/*1,A/G,C/T
P002414,*1/*3,G/G,T/T
P002415,*1/*1,G/G,C/C
P002416,*1/*1,G/G,C/T
P002417,*1/*3,G/G,C/C
P002418,*1/*1,A/G,C/C
P002419,*1/*3,G/G,C/C
P002420,*1/*1,G/G,C/C
P002421,*3/*3,G/G,C/T
P002422,*1/*3,G/G,C/T
P002423,*1/*1,A/G,C/C
P002424,*1/*2,G/G,C/T
P002425,*1/*1,G/G,T/T
P002426,*1/*2,G/G,C/C
P002427,*1/*1,A/A,T/T
P002428,*1/*1,G/G,C/C
P002429,*3/*3,G/G,C/C
P002430,*1/*1,A/G,C/C
P002431,*1/*2,A/A,C/T
P002432,*1/*1,G/G,C/T
P002433,*1/*2,A/G,C/T
P002434,*1/*1,A/G,C/T
P002435,*1/*1,A/A,C/T
P002436,*1/*1,A/G,C/T
P002437,*1/*1,G/G,C/C
P002438,*2/*3,G/G,C/C
P002439,*2/*2,A/G,C/C
P002440,*2/*2,A/G,T/T
P002441,*1/*1,G/G,C/C
P002442,*1/*1,A/A,C/C
P002443,*1/*3,A/A,T/T
P002444,*2/*3,A/A,T/T
P002445,*1/*2,G/G,C/C
P002446,*1/*1,G/G,T/T
P002447,*1/*3,G/G,C/C
P002448,*1/*1,A/G,C/C
P002449,*2/*2,G/G,C/C
P002450,*3/*3,G/G,C/C
P002451,*2/*3,G/G,T/T
P002452,*1/*1,A/G,C/C
P002453,*1/*1,A/G,C/C
P002454,*1/*2,G/G,T/T
P002455,*1/*1,A/G,C/C
P002456,*1/*1,A/G,C/T
P002457,*1/*2,A/A,C/C
P002458,*1/*1,A/G,C/T
P002459,*1/*1,G/G,C/C
P002460,*1/*1,A/G,C/C
P002461,*2/*3,G/G,C/C
P002462,*1/*3,G/G,C/T
P002463,*1/*3,A/A,C/T
P002464,*1/*1,A/G,C/T
P002465,*1/*3,A/A,C/C
P002466,*1/*1,G/G,C/C
P002467,*1/*2,G/G,C/C
P002468,*1/*2,G/G,C/T
P002469,*1/*3,G/G,C/T
P002470,*1/*1,G/G,C/T
P002471,*1/*1,G/G,C/T
P002472,*2/*2,G/G,C/T
P002473,*2/*2,G/G,C/C
P002474,*1/*2,A/A,C/C
P002475,*1/*1,A/G,C/C
P002476,*1/*1,G/G,T/T
P002477,*1/*1,G/G,C/C
P002478,*1/*3,A/G,T/T
P002479,*1/*3,G/G,C/C
P002480,*1/*1,A/A,C/C
P002481,*1/*3,A/G,C/C
P002482,*1/*1,A/G,T/T
P002483,*1/*1,A/G,C/C
P002484,*1/*1,G/G,C/C
P002485,*1/*1,A/G,C/C
P002486,*1/*3,G/G,T/T
P002487,*1/*1,G/G,C/C
P002488,*1/*2,G/G,T/T
P002489,*1/*1,A/A,C/C
P002490,*3/*3,G/G,C/C
P002491,*2/*3,G/G,C/C
P002492,*1/*3,A/A,C/C
P002493,*1/*2,A/G,C/C
P002494,*1/*1,A/G,C/T
P002495,*1/*1,A/G,C/C
P002496,*1/*1,A/G,C/C
P002497,*1/*1,A/G,C/C
P002498,*1/*1,A/A,C/T
P002499,*1/*1,A/G,C/C
P002500,*1/*2,G/G,C/C
P002501,*1/*2,A/G,C/T
P002502,*1/*3,A/G,C/C
P002503,*1/*1,A/G,C/C
P002504,*1/*1,A/A,C/C
P002505,*1/*1,G/G,C/C
P002506,*3/*3,A/G,C/C
P002507,*1/*1,G/G,C/T
P002508,*1/*1,G/G,C/T
P002509,*1/*1,A/G,C/C
P002510,*1/*1,G/G,C/C
P002511,*1/*1,A/G,C/T
P002512,*1/*2,A/A,C/T
P002513,*1/*1,A/G,C/C
P002514,*1/*1,G/G,C/C
P002515,*1/*2,A/A,C/T
P002516,*1/*1,A/A,C/T
P002517,*1/*1,A/A,C/T
P002518,*1/*1,G/G,C/C
P002519,*2/*2,A/G,C/C
P002520,*1/*1,A/A,C/C
P002521,*1/*1,A/A,C/T
P002522,*1/*1,A/G,C/C
P002523,*1/*2,A/G,C/C
P002524,*1/*3,G/G,C/C
P002525,*1/*3,A/A,C/C
P002526,*1/*3,A/G,C/C
P002527,*1/*1,G/G,T/T
P002528,*2/*2,A/G,C/T
P002529,*1/*1,G/G,C/C
P002530,*1/*1,A/G,C/C
P002531,*1/*3,A/G,C/T
P002532,*1/*2,G/G,C/T
P002533,*1/*1,A/A,C/T
P002534,*2/*3,A/G,C/C
P002535,*1/*2,A/A,C/T
P002536,*1/*1,A/G,C/C
P002537,*1/*2,A/G,C/C
P002538,*1/*1,A/G,C/C
P002539,*2/*3,A/G,C/T
P002540,*1/*3,A/G,C/C
P002541,*1/*2,A/G,C/T
P002542,*1/*3,A/A,C/T
P002543,*1/*3,A/A,C/T
P002544,*1/*3,A/A,T/T
P002545,*1/*1,G/G,C/T
P002546,*1/*2,G/G,C/C
P002547,*1/*2,A/G,C/T
P002548,*2/*3,G/G,T/T
P002549,*1/*3,A/A,C/C
P002550,*1/*1,G/G,C/C
P002551,*1/*1,A/G,C/T
P002552,*1/*1,G/G,T/T
P002553,*1/*2,G/G,C/C
P002554,*1/*1,G/G,C/C
P002555,*1/*2,G/G,C/C
P002556,*1/*3,A/G,C/T
P002557,*1/*1,A/A,C/T
P002558,*1/*3,G/G,C/C
P002559,*1/*1,A/A,C/T
P002560,*1/*1,G/G,C/C
P002561,*1/*1,A/G,C/C
P002562,*1/*3,A/G,C/C
P002563,*3/*3,G/G,C/C
P002564,*1/*3,G/G,C/C
P002565,*1/*1,A/G,C/T
P002566,*1/*1,A/G,C/T
P002567,*1/*2,G/G,C/T
P002568,*1/*1,A/A,C/C
P002569,*1/*3,A/G,C/T
P002570,*1/*1,G/G,C/T
P002571,*1/*1,A/A,C/C
P002572,*1/*1,G/G,C/T
P002573,*1/*3,G/G,C/C
P002574,*1/*1,A/G,C/T
P002575,*1/*1,G/G,C/C
P002576,*1/*2,A/A,C/T
P002577,*1/*1,A/G,C/C
P002578,*2/*3,A/G,T/T
P002579,*1/*1,A/G,C/C
P002580,*1/*1,A/G,C/C
P002581,*1/*1,G/G,C/C
P002582,*1/*1,G/G,C/C
P002583,*1/*1,G/G,C/T
P002584,*1/*1,G/G,C/C
P002585,*1/*3,G/G,T/T
P002586,*1/*1,G/G,C/C
P002587,*1/*3,G/G,C/C
P002588,*2/*3,A/A,T/T
P002589,*2/*3,G/G,C/C
P002590,*1/*2,A/G,C/T
P002591,*3/*3,G/G,C/C
P002592,*1/*2,G/G,C/T
P002593,*1/*1,A/A,C/C
P002594,*1/*3,G/G,C/C
P002595,*1/*1,A/G,C/C
P002596,*1/*1,A/A,C/T
P002597,*1/*3,A/A,T/T
P002598,*1/*1,G/G,C/T
P002599,*2/*2,G/G,C/C
P002600,*1/*3,G/G,C/C
P002601,*1/*1,A/G,C/C
P002602,*1/*1,G/G,C/C
P002603,*1/*3,A/A,C/C
P002604,*1/*2,A/G,C/C
P002605,*1/*1,A/G,C/C
P002606,*1/*1,G/G,C/T
P002607,*1/*1,G/G,C/C
P002608,*1/*2,G/G,C/C
P002609,*1/*1,A/G,C/C
P002610,*1/*1,G/G,C/C
P002611,*1/*2,G/G,C/C
P002612,*1/*1,G/G,C/C
P002613,*1/*1,G/G,C/C
P002614,*2/*3,A/G,C/T
P002615,*1/*2,A/G,C/C
P002616,*1/*1,G/G,C/C
P002617,*2/*2,A/G,C/C
P002618,*1/*1,A/A,C/C
P002619,*1/*2,G/G,C/C
P002620,*1/*1,A/A,C/C
P002621,*1/*3,A/A,C/C
P002622,*1/*1,G/G,C/T
P002623,*1/*1,A/A,C/T
P002624,*1/*2,A/G,C/C
P002625,*1/*3,A/G,C/C
P002626,*1/*2,A/G,C/C
P002627,*1/*3,G/G,C/T
P002628,*1/*2,A/G,T/T
P002629,*1/*2,G/G,C/C
P002630,*1/*2,A/A,C/C
P002631,*1/*1,A/G,C/T
P002632,*2/*2,A/A,C/C
P002633,*1/*3,A/A,C/T
P002634,*2/*3,G/G,C/T
P002635,*1/*2,A/G,T/T
P002636,*1/*3,A/G,C/C
P002637,*1/*3,G/G,C/C
P002638,*1/*1,A/A,C/T
P002639,*2/*2,G/G,C/C
P002640,*1/*1,A/G,C/C
P002641,*1/*1,A/G,C/T
P002642,*1/*1,A/G,C/T
P002643,*1/*2,A/G,C/C
P002644,*1/*1,A/G,C/C
P002645,*1/*1,G/G,C/C
P002646,*1/*2,G/G,C/C
P002647,*1/*1,G/G,C/C
P002648,*1/*3,A/A,C/T
P002649,*1/*1,G/G,C/C
P002650,*1/*1,G/G,C/T
P002651,*1/*1,G/G,C/C
P002652,*1/*1,A/G,C/T
P002653,*1/*1,G/G,C/C
P002654,*1/*1,G/G,C/T
P002655,*1/*2,A/A,C/C
P002656,*1/*3,G/G,C/T
P002657,*1/*1,A/G,T/T
P002658,*1/*2,G/G,C/T
P002659,*1/*1,G/G,C/C
P002660,*1/*1,A/G,C/T
P002661,*1/*1,G/G,C/C
P002662,*1/*1,G/G,C/T
P002663,*1/*1,G/G,C/C
P002664,*2/*2,A/G,C/C
P002665,*2/*2,A/G,T/T
P002666,*1/*2,A/G,T/T
P002667,*1/*1,G/G,C/C
P002668,*1/*3,G/G,T/T
P002669,*1/*3,A/A,C/C
P002670,*1/*3,A/G,C/C
P002671,*1/*1,A/G,C/T
P002672,*1/*3,A/G,C/T
P002673,*2/*2,A/A,C/C
P002674,*1/*2,G/G,C/T
P002675,*1/*3,G/G,C/T
P002676,*1/*3,G/G,C/C
P002677,*1/*1,G/G,C/T
P002678,*1/*3,A/A,C/T
P002679,*1/*3,G/G,C/C
P002680,*2/*2,G/G,C/C
P002681,*2/*3,G/G,C/C
P002682,*1/*2,G/G,T/T
P002683,*1/*1,G/G,C/T
P002684,*1/*1,A/G,C/C
P002685,*2/*3,G/G,C/T
P002686,*1/*1,G/G,C/C
P002687,*1/*1,G/G,T/T
P002688,*1/*1,A/G,C/T
P002689,*1/*1,G/G,C/T
P002690,*1/*2,A/G,C/C
P002691,*1/*2,G/G,C/C
P002692,*1/*1,A/G,C/T
P002693,*1/*3,G/G,C/C
P002694,*1/*2,G/G,T/T
P002695,*1/*2,A/G,C/T
P002696,*1/*1,A/G,C/C
P002697,*2/*2,A/G,C/C
P002698,*1/*1,A/G,T/T
P002699,*1/*2,G/G,C/C
P002700,*1/*3,A/A,C/C
P002701,*2/*2,G/G,C/C
P002702,*1/*2,A/A,T/T
P002703,*1/*3,A/G,T/T
P002704,*1/*1,G/G,C/C
P002705,*1/*1,A/G,C/C
P002706,*1/*1,G/G,T/T
P002707,*1/*1,A/G,C/C
P002708,*1/*1,A/G,C/C
P002709,*1/*2,A/G,C/C
P002710,*1/*1,G/G,C/C
P002711,*2/*2,A/A,C/C
P002712,*3/*3,G/G,C/T
P002713,*1/*1,G/G,C/C
P002714,*1/*1,G/G,C/C
P002715,*1/*1,A/G,C/C
P002716,*1/*2,A/G,C/C
P002717,*1/*3,G/G,C/C
P002718,*1/*1,A/G,C/C
P002719,*1/*1,A/G,C/C
P002720,*1/*2,G/G,C/C
P002721,*1/*2,A/G,C/C
P002722,*1/*3,A/A,C/T
P002723,*2/*3,G/G,C/C
P002724,*1/*2,G/G,C/C
P002725,*1/*1,A/G,C/C
P002726,*1/*3,G/G,C/C
P002727,*1/*1,G/G,C/T
P002728,*1/*3,G/G,C/T
P002729,*2/*2,A/G,C/T
P002730,*1/*1,G/G,C/T
P002731,*1/*1,A/G,C/C
P002732,*1/*1,G/G,T/T
P002733,*1/*1,G/G,T/T
P002734,*1/*2,G/G,C/C
P002735,*1/*3,A/G,C/C
P002736,*1/*1,G/G,C/C
P002737,*1/*1,G/G,T/T
P002738,*1/*1,A/G,C/C
P002739,*1/*1,G/G,C/C
P002740,*1/*3,A/G,C/T
P002741,*1/*1,G/G,C/T
P002742,*1/*2,A/G,C/C
P002743,*1/*3,G/G,T/T
P002744,*1/*2,A/A,C/T
P002745,*1/*1,A/G,C/C
P002746,*1/*3,G/G,C/C
P002747,*1/*1,G/G,C/T
P002748,*1/*3,A/A,C/C
P002749,*1/*1,G/G,C/C
P002750,*1/*1,A/A,C/C
P002751,*1/*3,G/G,C/C
P002752,*1/*2,G/G,C/C
P002753,*1/*2,A/G,C/T
P002754,*1/*2,G/G,C/C
P002755,*1/*2,A/G,C/T
P002756,*1/*1,G/G,C/C
P002757,*1/*1,G/G,C/T
P002758,*1/*1,A/G,T/T
P002759,*1/*2,A/A,C/T
P002760,*2/*3,G/G,C/C
P002761,*1/*1,G/G,C/T
P002762,*1/*3,G/G,C/T
P002763,*1/*1,A/G,C/C
P002764,*2/*2,G/G,C/C
P002765,*1/*1,A/G,C/T
P002766,*1/*1,G/G,C/C
P002767,*1/*2,G/G,C/C
P002768,*1/*1,G/G,C/C
P002769,*1/*1,A/G,C/C
P002770,*1/*1,A/A,C/C
P002771,*1/*1,A/G,C/T
P002772,*1/*3,G/G,C/T
P002773,*2/*2,A/G,C/T
P002774,*1/*1,G/G,C/T
P002775,*1/*1,A/G,C/C
P002776,*1/*1,G/G,C/C
P002777,*1/*1,G/G,C/C
P002778,*1/*1,A/G,C/C
P002779,*1/*3,G/G,C/T
P002780,*1/*1,A/G,C/T
P002781,*1/*3,A/G,C/C
P002782,*1/*1,G/G,C/T
P002783,*1/*3,A/A,C/C
P002784,*1/*3,A/G,C/C
P002785,*1/*1,A/A,C/T
P002786,*1/*3,G/G,C/C
P002787,*1/*1,G/G,C/T
P002788,*1/*1,A/G,C/C
P002789,*1/*1,A/G,C/T
P002790,*1/*1,A/G,C/C
P002791,*1/*1,A/A,C/C
P002792,*1/*1,G/G,C/C
P002793,*1/*1,G/G,C/T
P002794,*1/*1,G/G,C/C
P002795,*2/*3,G/G,T/T
P002796,*1/*2,A/G,C/T
P002797,*1/*1,A/G,C/C
P002798,*1/*3,A/G,C/T
P002799,*1/*2,A/G,C/T
P002800,*1/*1,A/G,C/C
P002801,*1/*2,A/G,C/T
P002802,*2/*2,G/G,C/C
P002803,*1/*3,A/G,C/T
P002804,*1/*3,G/G,C/T
P002805,*1/*1,G/G,T/T
P002806,*1/*2,A/G,C/T
P002807,*1/*2,A/A,C/C
P002808,*1/*3,G/G,C/C
P002809,*1/*2,G/G,T/T
P002810,*1/*1,A/A,C/C
P002811,*1/*2,G/G,C/T
P002812,*1/*3,A/A,C/T
P002813,*1/*1,A/G,C/T
P002814,*1/*1,G/G,C/T
P002815,*1/*3,G/G,C/T
P002816,*2/*3,G/G,C/C
P002817,*1/*2,A/G,C/C
P002818,*1/*1,A/G,C/C
P002819,*1/*1,G/G,T/T
P002820,*1/*1,G/G,C/C
P002821,*1/*2,G/G,C/T
P002822,*1/*3,G/G,C/C
P002823,*2/*2,A/A,C/C
P002824,*2/*2,G/G,C/T
P002825,*1/*1,A/A,C/C
P002826,*1/*1,A/G,C/C
P002827,*2/*3,A/A,C/C
P002828,*1/*3,G/G,C/C
P002829,*1/*1,G/G,C/T
P002830,*1/*1,G/G,C/C
P002831,*1/*1,A/A,C/C
P002832,*1/*2,A/G,C/T
P002833,*1/*1,G/G,C/C
P002834,*1/*1,G/G,C/T
P002835,*1/*2,G/G,C/T
P002836,*1/*1,G/G,C/C
P002837,*3/*3,G/G,C/C
P002838,*1/*1,G/G,C/T
P002839,*1/*2,A/A,C/C
P002840,*1/*2,G/G,C/C
P002841,*1/*1,A/G,C/T
P002842,*1/*1,G/G,C/C
P002843,*1/*2,G/G,C/T
P002844,*1/*1,G/G,C/C
P002845,*1/*1,G/G,C/T
P002846,*1/*1,G/G,C/T
P002847,*1/*1,A/G,C/C
P002848,*2/*3,A/G,C/T
P002849,*1/*2,A/G,C/T
P002850,*1/*1,A/G,C/C
P002851,*2/*3,A/A,C/C
P002852,*1/*1,A/G,C/C
P002853,*1/*1,G/G,C/C
P002854,*1/*1,A/A,C/C
P002855,*1/*3,A/G,C/T
P002856,*1/*1,A/G,C/T
P002857,*1/*1,G/G,T/T
P002858,*1/*1,G/G,C/T
P002859,*1/*1,G/G,C/C
P002860,*1/*2,G/G,C/C
P002861,*1/*3,G/G,C/C
P002862,*1/*1,G/G,C/T
P002863,*1/*2,G/G,C/C
P002864,*1/*2,A/G,C/T
P002865,*1/*2,G/G,C/C
P002866,*1/*1,A/G,C/C
P002867,*1/*1,G/G,C/C
P002868,*1/*3,A/G,C/T
P002869,*1/*3,G/G,C/T
P002870,*1/*1,G/G,C/C
P002871,*1/*1,G/G,C/C
P002872,*1/*1,A/G,T/T
P002873,*1/*1,A/G,C/C
P002874,*1/*1,A/A,C/C
P002875,*1/*1,G/G,C/C
P002876,*1/*1,G/G,C/C
P002877,*1/*1,G/G,C/C
P002878,*1/*2,A/G,C/C
P002879,*1/*1,G/G,C/T
P002880,*1/*2,A/G,C/C
P002881,*1/*1,A/A,C/T
P002882,*1/*1,G/G,C/C
P002883,*1/*1,G/G,C/C
P002884,*1/*2,G/G,C/C
P002885,*1/*3,A/G,C/C
P002886,*1/*1,G/G,C/C
P002887,*1/*1,G/G,C/C
P002888,*1/*1,A/G,C/C
P002889,*1/*2,A/G,T/T
P002890,*1/*1,G/G,C/C
P002891,*1/*3,A/A,C/C
P002892,*1/*3,A/G,C/C
P002893,*1/*3,A/G,C/C
P002894,*3/*3,A/G,C/C
P002895,*2/*3,A/G,C/C
P002896,*1/*2,G/G,C/C
P002897,*1/*3,G/G,C/C
P002898,*1/*1,G/G,C/C
P002899,*1/*1,G/G,C/T
P002900,*1/*1,A/G,C/C
P002901,*3/*3,A/G,C/C
P002902,*1/*3,A/A,T/T
P002903,*1/*1,A/G,C/C
P002904,*1/*2,A/G,C/C
P002905,*1/*1,G/G,C/C
P002906,*1/*1,A/G,C/C
P002907,*1/*1,G/G,C/C
P002908,*1/*1,G/G,C/C
P002909,*1/*1,G/G,C/C
P002910,*1/*3,G/G,C/T
P002911,*1/*2,G/G,C/T
P002912,*1/*1,G/G,C/T
P002913,*1/*2,A/A,C/C
P002914,*1/*3,A/G,C/T
P002915,*2/*3,G/G,C/T
P002916,*2/*2,G/G,C/C
P002917,*1/*1,A/A,C/T
P002918,*1/*1,G/G,C/T
P002919,*1/*1,G/G,C/T
P002920,*1/*1,G/G,C/T
P002921,*1/*2,G/G,C/C
P002922,*1/*1,A/G,C/C
P002923,*2/*2,G/G,C/C
P002924,*1/*3,G/G,C/T
P002925,*1/*1,A/G,C/C
P002926,*1/*2,G/G,C/C
P002927,*1/*2,A/G,C/C
P002928,*1/*2,G/G,C/C
P002929,*2/*2,A/G,C/T
P002930,*1/*1,A/G,C/C
P002931,*1/*2,G/G,C/T
P002932,*1/*1,A/G,C/C
P002933,*1/*1,A/A,C/T
P002934,*1/*1,G/G,C/C
P002935,*1/*1,G/G,C/C
P002936,*1/*1,A/A,C/T
P002937,*1/*1,A/G,C/T
P002938,*1/*1,G/G,T/T
P002939,*1/*2,G/G,C/T
P002940,*3/*3,G/G,C/C
P002941,*1/*1,A/G,C/T
P002942,*1/*1,A/A,C/C
P002943,*1/*1,A/A,C/T
P002944,*1/*1,A/A,T/T
P002945,*1/*1,A/G,T/T
P002946,*1/*2,G/G,C/T
P002947,*1/*3,G/G,T/T
P002948,*1/*3,G/G,T/T
P002949,*1/*1,A/G,C/T
P002950,*1/*1,G/G,C/C
P002951,*1/*1,A/G,C/C
P002952,*1/*2,A/G,C/C
P002953,*1/*3,A/A,C/C
P002954,*1/*1,A/G,C/T
P002955,*1/*1,G/G,C/C
P002956,*1/*1,G/G,C/T
P002957,*2/*3,A/A,C/C
P002958,*1/*2,A/G,C/C
P002959,*1/*3,G/G,C/C
P002960,*1/*1,A/G,C/C
P002961,*1/*2,A/G,C/T
P002962,*1/*1,A/G,C/C
P002963,*1/*3,A/G,C/T
P002964,*1/*3,A/G,C/T
P002965,*1/*1,A/G,C/T
P002966,*1/*1,A/G,C/C
P002967,*1/*2,G/G,C/T
P002968,*1/*1,G/G,C/C
P002969,*1/*2,G/G,C/C
P002970,*1/*2,A/A,C/C
P002971,*1/*3,A/G,C/C
P002972,*1/*1,G/G,T/T
P002973,*1/*2,A/A,C/T
P002974,*1/*1,A/G,C/C
P002975,*1/*1,G/G,C/T
P002976,*1/*1,G/G,C/C
P002977,*1/*3,A/G,C/C
P002978,*1/*3,A/G,T/T
P002979,*1/*3,A/G,C/T
P002980,*1/*1,G/G,C/C
P002981,*1/*1,G/G,C/C
P002982,*1/*1,G/G,C/C
P002983,*1/*1,G/G,C/C
P002984,*1/*2,G/G,T/T
P002985,*1/*1,A/G,C/C
P002986,*1/*1,A/G,C/C
P002987,*1/*2,G/G,T/T
P002988,*1/*1,A/A,C/T
P002989,*1/*2,A/G,C/T
P002990,*1/*2,A/G,C/T
P002991,*1/*3,G/G,T/T
P002992,*1/*1,A/G,T/T
P002993,*1/*1,G/G,C/C
P002994,*1/*3,G/G,C/T
P002995,*1/*1,A/A,T/T
P002996,*1/*3,A/G,C/C
P002997,*1/*1,G/G,C/C
P002998,*1/*2,G/G,C/C
P002999,*1/*1,A/G,C/T
P003000,*1/*1,A/G,C/C
P003001,*2/*2,G/G,C/C
P003002,*1/*3,A/A,C/C
P003003,*1/*2,A/G,T/T
P003004,*1/*1,A/A,C/T
P003005,*2/*2,G/G,C/C
P003006,*1/*2,G/G,C/T
P003007,*1/*1,A/A,C/T
P003008,*1/*1,A/G,C/T
P003009,*1/*1,G/G,C/T
P003010,*1/*1,G/G,C/T
P003011,*2/*2,G/G,C/C
P003012,*1/*1,G/G,C/C
P003013,*1/*1,A/G,C/C
P003014,*1/*1,A/G,C/T
P003015,*1/*2,A/A,C/C
P003016,*1/*1,A/G,C/C
P003017,*1/*1,A/A,C/C
P003018,*1/*1,G/G,C/C
P003019,*1/*2,G/G,C/C
P003020,*1/*2,A/G,T/T
P003021,*2/*3,G/G,C/T
P003022,*1/*1,A/G,C/T
P003023,*1/*2,A/A,C/C
P003024,*2/*3,G/G,T/T
P003025,*1/*1,G/G,C/C
P003026,*1/*1,A/A,C/C
P003027,*1/*1,G/G,C/C
P003028,*1/*3,A/A,C/T
P003029,*1/*2,A/G,T/T
P003030,*1/*2,A/A,C/C
P003031,*1/*1,G/G,C/C
P003032,*1/*1,A/G,C/C
P003033,*1/*3,G/G,C/C
P003034,*1/*1,G/G,C/T
P003035,*1/*1,G/G,C/T
P003036,*1/*2,A/G,C/T
P003037,*2/*3,A/G,C/C
P003038,*1/*2,G/G,C/T
P003039,*1/*1,A/G,C/T
P003040,*2/*3,G/G,C/C
P003041,*1/*1,A/G,C/C
P003042,*2/*3,A/G,C/C
P003043,*1/*1,G/G,C/C
P003044,*3/*3,A/G,T/T
P003045,*1/*1,A/A,C/T
P003046,*1/*3,G/G,C/T
P003047,*1/*3,G/G,C/C
P003048,*1/*2,G/G,C/C
P003049,*1/*3,G/G,C/C
P003050,*1/*1,G/G,C/T
P003051,*1/*1,A/G,C/C
P003052,*1/*1,G/G,C/C
P003053,*1/*2,G/G,C/C
P003054,*1/*2,G/G,C/C
P003055,*1/*1,A/G,C/T
P003056,*1/*1,G/G,C/C
P003057,*1/*2,A/A,C/C
P003058,*1/*3,A/G,C/C
P003059,*2/*2,A/G,C/C
P003060,*1/*1,G/G,C/C
P003061,*2/*3,G/G,C/C
P003062,*2/*3,G/G,C/C
P003063,*1/*1,G/G,C/C
P003064,*1/*2,A/G,C/C
P003065,*1/*2,A/G,C/C
P003066,*1/*2,G/G,T/T
P003067,*1/*2,G/G,C/C
P003068,*1/*2,A/A,C/C
P003069,*1/*1,A/G,C/C
P003070,*1/*1,A/A,C/C
P003071,*1/*1,G/G,C/C
P003072,*1/*3,G/G,C/T
P003073,*1/*1,A/G,T/T
P003074,*1/*3,A/G,C/C
P003075,*1/*1,G/G,C/T
P003076,*1/*1,A/G,C/C
P003077,*1/*3,A/A,C/C
P003078,*1/*1,G/G,C/T
P003079,*1/*1,G/G,C/C
P003080,*3/*3,A/G,T/T
P003081,*1/*2,A/A,C/C
P003082,*1/*1,A/G,C/T
P003083,*1/*1,G/G,C/C
P003084,*1/*3,G/G,C/C
P003085,*1/*2,A/G,C/C
P003086,*1/*1,G/G,C/C
P003087,*2/*2,A/G,C/C
P003088,*1/*1,G/G,C/C
P003089,*3/*3,A/G,C/C
P003090,*1/*1,A/G,C/T
P003091,*1/*1,G/G,C/C
P003092,*1/*1,A/A,C/C
P003093,*1/*1,A/G,C/C
P003094,*1/*1,G/G,C/C
P003095,*1/*1,G/G,C/C
P003096,*1/*1,A/G,C/T
P003097,*1/*1,A/G,C/C
P003098,*2/*3,G/G,C/C
P003099,*1/*1,A/G,C/T
P003100,*1/*1,A/G,T/T
P003101,*1/*2,G/G,T/T
P003102,*1/*3,G/G,C/T
P003103,*1/*3,A/G,C/C
P003104,*1/*3,G/G,C/C
P003105,*2/*3,G/G,C/T
P003106,*1/*3,G/G,C/C
P003107,*1/*3,A/A,C/C
P003108,*1/*1,G/G,C/C
P003109,*1/*2,G/G,C/C
P003110,*1/*2,A/G,C/C
P003111,*1/*1,G/G,C/C
P003112,*1/*1,G/G,C/C
P003113,*1/*2,A/G,C/C
P003114,*1/*1,A/G,C/C
P003115,*1/*1,A/G,C/C
P003116,*1/*1,A/A,C/T
P003117,*1/*2,A/G,C/T
P003118,*2/*3,G/G,C/T
P003119,*1/*1,A/G,C/C
P003120,*1/*1,A/G,C/C
P003121,*1/*1,G/G,C/T
P003122,*2/*2,A/G,C/C
P003123,*2/*3,G/G,C/C
P003124,*1/*3,G/G,C/C
P003125,*1/*1,A/A,C/C
P003126,*1/*2,A/G,C/T
P003127,*3/*3,G/G,C/C
P003128,*1/*1,A/G,C/C
P003129,*1/*1,G/G,C/C
P003130,*1/*1,G/G,C/C
P003131,*2/*3,A/A,C/C
P003132,*1/*1,G/G,C/C
P003133,*2/*2,A/G,C/C
P003134,*1/*1,A/G,C/C
P003135,*1/*3,A/G,C/T
P003136,*1/*1,G/G,C/C
P003137,*1/*1,A/G,C/C
P003138,*1/*3,A/G,C/T
P003139,*1/*1,G/G,C/C
P003140,*1/*2,G/G,C/C
P003141,*3/*3,G/G,C/C
P003142,*1/*1,A/G,C/C
P003143,*1/*1,G/G,T/T
P003144,*1/*1,G/G,C/C
P003145,*2/*2,A/G,C/C
P003146,*1/*3,A/G,T/T
P003147,*1/*1,A/A,T/T
P003148,*1/*3,A/G,C/C
P003149,*1/*1,A/G,C/C
P003150,*1/*1,G/G,C/T
P003151,*1/*2,A/G,C/T
P003152,*1/*3,A/G,C/C
P003153,*1/*2,A/G,T/T
P003154,*1/*2,A/G,C/T
P003155,*1/*1,A/G,C/C
P003156,*1/*2,G/G,C/C
P003157,*1/*3,A/G,T/T
P003158,*1/*1,A/G,C/C
P003159,*1/*1,A/G,T/T
P003160,*1/*3,A/G,C/C
P003161,*1/*2,A/G,T/T
P003162,*1/*3,A/G,C/T
P003163,*2/*3,G/G,C/C
P003164,*1/*1,A/G,T/T
P003165,*1/*1,G/G,C/C
P003166,*1/*1,G/G,C/T
P003167,*1/*1,G/G,C/C
P003168,*1/*3,G/G,C/C
P003169,*1/*3,A/G,C/C
P003170,*1/*3,A/G,C/T
P003171,*1/*3,A/G,C/C
P003172,*1/*1,A/G,C/C
P003173,*1/*3,G/G,C/C
P003174,*1/*3,A/G,C/T
P003175,*1/*3,G/G,T/T
P003176,*1/*1,A/G,T/T
P003177,*1/*2,A/A,C/C
P003178,*1/*1,G/G,C/C
P003179,*1/*3,G/G,T/T
P003180,*1/*2,A/A,C/C
P003181,*1/*2,A/A,C/T
P003182,*1/*1,G/G,C/C
P003183,*1/*2,A/G,C/C
P003184,*1/*1,G/G,C/T
P003185,*2/*2,G/G,C/C
P003186,*1/*3,G/G,C/C
P003187,*1/*1,G/G,C/C
P003188,*1/*2,A/A,C/C
P003189,*1/*2,G/G,C/C
P003190,*1/*3,A/G,C/T
P003191,*1/*3,G/G,C/C
P003192,*3/*3,G/G,T/T
P003193,*1/*1,G/G,T/T
P003194,*1/*1,A/G,C/C
P003195,*1/*2,G/G,C/T
P003196,*1/*2,G/G,C/T
P003197,*1/*1,G/G,C/C
P003198,*1/*1,G/G,C/T
P003199,*1/*3,A/G,C/T
P003200,*1/*3,G/G,T/T
P003201,*1/*1,G/G,C/C
P003202,*1/*3,A/G,C/T
P003203,*1/*1,G/G,C/T
P003204,*1/*1,A/G,C/C
P003205,*1/*2,G/G,C/C
P003206,*1/*3,A/G,C/T
P003207,*1/*2,G/G,C/C
P003208,*1/*2,A/G,C/T
P003209,*1/*1,G/G,C/C
P003210,*1/*3,G/G,C/C
P003211,*1/*2,A/G,C/T
P003212,*3/*3,A/G,T/T
P003213,*1/*3,G/G,C/C
P003214,*1/*1,A/A,C/C
P003215,*1/*3,G/G,T/T
P003216,*1/*1,G/G,C/C
P003217,*2/*3,A/G,C/T
P003218,*1/*1,G/G,C/C
P003219,*1/*1,A/A,T/T
P003220,*1/*2,A/G,C/C
P003221,*1/*1,A/G,C/C
P003222,*1/*1,G/G,C/C
P003223,*1/*1,A/G,C/C
P003224,*1/*1,A/G,C/T
P003225,*1/*1,A/G,C/C
P003226,*1/*3,G/G,C/C
P003227,*1/*1,A/G,T/T
P003228,*2/*3,A/G,C/C
P003229,*1/*1,G/G,C/C
P003230,*1/*1,A/G,C/T
P003231,*1/*2,A/G,C/C
P003232,*1/*1,A/G,C/C
P003233,*1/*1,G/G,C/C
P003234,*2/*3,A/G,C/C
P003235,*1/*1,G/G,T/T
P003236,*1/*1,G/G,C/T
P003237,*1/*3,G/G,C/C
P003238,*1/*1,G/G,C/C
P003239,*1/*2,G/G,C/C
P003240,*1/*1,G/G,C/T
P003241,*1/*1,G/G,C/C
P003242,*1/*1,G/G,C/T
P003243,*2/*2,G/G,C/C
P003244,*1/*1,A/A,C/C
P003245,*1/*2,A/A,C/T
P003246,*1/*1,G/G,C/T
P003247,*1/*1,G/G,C/T
P003248,*1/*1,A/A,C/C
P003249,*1/*1,A/G,C/C
P003250,*1/*3,A/G,C/C
P003251,*2/*2,G/G,C/C
P003252,*1/*1,G/G,C/T
P003253,*1/*1,A/G,C/C
P003254,*2/*2,G/G,C/C
P003255,*3/*3,A/G,T/T
P003256,*1/*1,A/G,T/T
P003257,*1/*2,A/A,C/T
P003258,*1/*1,G/G,C/C
P003259,*1/*1,A/G,C/T
P003260,*1/*1,A/A,C/C
P003261,*3/*3,G/G,C/C
P003262,*1/*1,G/G,C/C
P003263,*1/*1,G/G,C/C
P003264,*1/*2,G/G,C/C
P003265,*1/*1,A/G,C/C
P003266,*1/*1,G/G,C/C
P003267,*2/*3,A/G,C/T
P003268,*1/*1,A/G,C/C
P003269,*2/*3,G/G,C/C
P003270,*1/*1,A/G,C/C
P003271,*1/*1,G/G,C/C
P003272,*2/*3,A/G,C/T
P003273,*1/*1,A/G,T/T
P003274,*1/*2,A/G,C/C
P003275,*1/*1,A/A,C/T
P003276,*1/*1,G/G,C/T
P003277,*1/*2,A/A,C/C
P003278,*1/*2,A/G,C/C
P003279,*2/*3,G/G,C/T
P003280,*1/*1,A/G,C/T
P003281,*1/*2,G/G,C/C
P003282,*1/*1,G/G,C/T
P003283,*1/*3,A/G,C/C
P003284,*1/*1,G/G,C/C
P003285,*1/*1,G/G,C/T
P003286,*1/*1,G/G,C/C
P003287,*1/*1,G/G,T/T
P003288,*1/*3,G/G,C/T
P003289,*1/*1,A/A,C/T
P003290,*1/*2,A/G,C/T
P003291,*1/*1,G/G,C/C
P003292,*1/*1,G/G,C/C
P003293,*1/*1,G/G,C/C
P003294,*1/*3,G/G,C/C
P003295,*2/*3,G/G,C/C
P003296,*1/*1,A/G,C/C
P003297,*1/*1,G/G,C/T
P003298,*1/*1,A/G,C/C
P003299,*1/*3,G/G,C/C
P003300,*1/*2,A/G,C/C
P003301,*1/*1,A/A,C/C
P003302,*1/*1,A/A,C/T
P003303,*1/*3,A/G,C/T
P003304,*1/*1,A/G,C/T
P003305,*1/*3,A/G,C/T
P003306,*1/*1,A/G,C/T
P003307,*1/*3,G/G,C/C
P003308,*1/*1,A/A,C/T
P003309,*1/*1,A/G,C/C
P003310,*1/*1,G/G,C/C
P003311,*1/*2,A/G,T/T
P003312,*1/*2,A/G,T/T
P003313,*1/*1,A/G,C/C
P003314,*3/*3,A/G,C/C
P003315,*2/*3,G/G,C/C
P003316,*1/*2,A/A,C/C
P003317,*1/*1,G/G,C/C
P003318,*1/*1,A/G,C/C
P003319,*1/*3,A/G,C/C
P003320,*2/*3,A/A,C/C
P003321,*1/*1,G/G,C/C
P003322,*1/*3,G/G,C/C
P003323,*1/*3,A/G,C/C
P003324,*1/*1,G/G,C/T
P003325,*1/*2,A/A,C/C
P003326,*1/*3,A/A,C/T
P003327,*1/*1,G/G,C/C
P003328,*1/*1,G/G,T/T
P003329,*1/*1,A/G,T/T
P003330,*2/*3,A/G,C/C
P003331,*1/*2,A/A,C/C
P003332,*1/*2,A/A,C/C
P003333,*1/*3,G/G,C/T
P003334,*3/*3,G/G,C/C
P003335,*1/*1,A/G,C/C
P003336,*1/*1,G/G,C/T
P003337,*1/*1,A/G,T/T
P003338,*2/*3,G/G,C/C
P003339,*1/*1,G/G,C/C
P003340,*1/*3,A/A,C/C
P003341,*1/*1,A/A,C/T
P003342,*1/*1,A/G,C/C
P003343,*1/*1,A/A,C/C
P003344,*1/*1,A/A,C/C
P003345,*1/*1,A/G,C/T
P003346,*1/*2,G/G,C/C
P003347,*1/*3,G/G,C/C
P003348,*2/*3,A/A,C/C
P003349,*1/*1,G/G,C/T
P003350,*1/*3,G/G,T/T
P003351,*2/*2,G/G,C/C
P003352,*1/*1,A/G,T/T
P003353,*1/*2,G/G,C/C
P003354,*1/*1,G/G,C/C
P003355,*1/*1,G/G,C/C
P003356,*1/*1,G/G,C/T
P003357,*1/*1,A/G,C/C
P003358,*1/*2,A/G,C/C
P003359,*1/*1,G/G,T/T
P003360,*1/*1,A/A,T/T
P003361,*1/*3,A/G,T/T
P003362,*1/*1,G/G,C/T
P003363,*1/*1,A/G,C/C
P003364,*1/*1,A/G,C/C
P003365,*3/*3,A/A,C/C
P003366,*1/*1,A/G,C/C
P003367,*1/*1,A/G,T/T
P003368,*1/*1,A/G,C/C
P003369,*1/*1,G/G,C/C
P003370,*1/*2,A/A,C/C
P003371,*2/*3,A/G,C/C
P003372,*1/*1,G/G,T/T
P003373,*1/*1,A/G,T/T
P003374,*1/*2,A/A,C/C
P003375,*1/*1,G/G,C/T
P003376,*1/*1,A/A,C/C
P003377,*1/*3,G/G,T/T
P003378,*1/*1,A/G,C/C
P003379,*1/*1,G/G,C/C
P003380,*1/*1,A/A,C/C
P003381,*1/*1,G/G,C/T
P003382,*1/*3,G/G,T/T
P003383,*1/*1,G/G,T/T
P003384,*1/*3,A/G,C/C
P003385,*1/*2,G/G,C/C
P003386,*1/*1,A/A,C/C
P003387,*2/*3,G/G,C/T
P003388,*1/*1,A/G,C/C
P003389,*1/*1,A/G,T/T
P003390,*1/*3,A/A,C/T
P003391,*1/*1,G/G,C/T
P003392,*1/*1,A/G,C/C
P003393,*1/*3,G/G,C/T
P003394,*1/*2,G/G,C/T
P003395,*1/*1,A/G,T/T
P003396,*1/*2,G/G,C/C
P003397,*1/*3,A/G,C/T
P003398,*1/*1,G/G,C/C
P003399,*1/*2,A/G,C/C
P003400,*3/*3,A/A,C/T
P003401,*2/*3,G/G,C/T
P003402,*1/*1,G/G,C/C
P003403,*1/*1,A/A,C/C
P003404,*1/*3,G/G,C/C
P003405,*1/*1,A/G,C/C
P003406,*1/*2,G/G,C/T
P003407,*1/*1,A/G,C/C
P003408,*1/*3,A/G,C/T
P003409,*1/*1,A/A,C/C
P003410,*2/*3,A/G,C/C
P003411,*1/*1,A/G,C/T
P003412,*1/*1,A/G,C/T
P003413,*1/*3,A/G,C/C
P003414,*1/*1,A/G,T/T
P003415,*1/*2,G/G,C/C
P003416,*2/*2,G/G,C/C
P003417,*1/*2,A/G,C/C
P003418,*1/*3,A/G,C/T
P003419,*1/*1,G/G,C/C
P003420,*1/*2,G/G,C/T
P003421,*1/*2,G/G,C/C
P003422,*1/*2,A/A,C/C
P003423,*1/*3,G/G,C/T
P003424,*1/*1,A/A,C/T
P003425,*3/*3,A/G,T/T
P003426,*1/*3,A/A,C/C
P003427,*1/*2,G/G,C/C
P003428,*1/*2,A/G,C/C
P003429,*1/*1,A/A,C/T
P003430,*1/*1,G/G,T/T
P003431,*1/*1,G/G,C/C
P003432,*1/*1,A/G,C/T
P003433,*2/*3,G/G,C/T
P003434,*1/*1,A/G,C/C
P003435,*1/*3,A/G,C/T
P003436,*1/*2,G/G,C/C
P003437,*1/*2,A/G,C/C
P003438,*1/*1,G/G,C/T
P003439,*1/*1,G/G,T/T
P003440,*1/*3,G/G,C/T
P003441,*2/*3,A/G,C/C
P003442,*1/*1,G/G,C/T
P003443,*2/*2,G/G,C/C
P003444,*1/*1,A/G,C/C
P003445,*1/*1,G/G,C/C
P003446,*1/*2,A/G,C/T
P003447,*1/*3,G/G,C/C
P003448,*1/*1,A/A,C/C
P003449,*1/*1,G/G,C/C
P003450,*1/*1,A/A,C/T
P003451,*3/*3,G/G,C/T
P003452,*1/*3,A/G,T/T
P003453,*1/*2,A/A,C/T
P003454,*3/*3,A/G,C/C
P003455,*1/*1,G/G,C/C
P003456,*1/*1,A/A,C/T
P003457,*1/*1,A/G,C/C
P003458,*1/*1,A/G,C/C
P003459,*1/*1,A/G,C/T
P003460,*1/*1,A/G,C/C
P003461,*2/*3,A/G,C/C
P003462,*1/*1,G/G,C/C
P003463,*1/*1,A/G,C/C
P003464,*1/*1,G/G,C/T
P003465,*1/*2,G/G,C/C
P003466,*3/*3,A/G,C/T
P003467,*1/*1,G/G,C/C
P003468,*1/*3,A/A,C/C
P003469,*1/*1,G/G,C/C
P003470,*1/*1,G/G,T/T
P003471,*1/*1,G/G,C/C
P003472,*1/*2,A/A,C/C
P003473,*1/*2,A/A,C/T
P003474,*1/*3,G/G,C/C
P003475,*1/*1,A/G,C/C
P003476,*2/*3,A/G,C/C
P003477,*2/*3,A/A,C/T
P003478,*1/*1,G/G,C/C
P003479,*1/*1,G/G,C/C
P003480,*1/*1,G/G,C/C
P003481,*1/*1,G/G,C/T
P003482,*3/*3,G/G,C/C
P003483,*1/*1,A/G,C/C
P003484,*1/*1,A/G,C/C
P003485,*1/*1,A/A,C/C
P003486,*1/*2,G/G,C/C
P003487,*1/*1,A/G,C/T
P003488,*2/*2,A/G,C/T
P003489,*1/*1,A/G,C/T
P003490,*2/*3,A/G,T/T
P003491,*3/*3,G/G,C/C
P003492,*1/*3,G/G,C/C
P003493,*1/*2,G/G,C/C
P003494,*1/*1,G/G,C/C
P003495,*2/*3,A/A,C/C
P003496,*1/*3,A/A,C/C
P003497,*1/*1,G/G,C/T
P003498,*1/*1,A/G,C/C
P003499,*1/*1,G/G,C/C
P003500,*1/*3,A/G,T/T
P003501,*1/*1,A/G,T/T
P003502,*1/*2,A/A,C/C
P003503,*1/*2,G/G,C/C
P003504,*1/*1,A/G,C/C
P003505,*2/*3,G/G,C/C
P003506,*1/*3,A/G,T/T
P003507,*1/*1,G/G,C/T
P003508,*2/*2,A/G,T/T
P003509,*1/*3,G/G,C/C
P003510,*1/*2,A/G,C/C
P003511,*1/*1,A/G,C/T
P003512,*1/*1,A/G,C/C
P003513,*1/*3,A/A,C/T
P003514,*1/*2,A/G,C/T
P003515,*1/*2,G/G,C/C
P003516,*2/*3,A/A,C/T
P003517,*1/*1,G/G,C/C
P003518,*1/*1,G/G,C/C
P003519,*2/*2,G/G,C/C
P003520,*1/*1,G/G,C/T
P003521,*1/*1,A/A,C/C
P003522,*2/*2,G/G,C/C
P003523,*1/*2,G/G,C/C
P003524,*1/*2,G/G,C/C
P003525,*1/*2,G/G,C/C
P003526,*1/*1,A/G,C/C
P003527,*1/*2,G/G,C/C
P003528,*1/*3,A/G,C/C
P003529,*1/*1,A/G,C/T
P003530,*1/*3,A/G,C/C
P003531,*1/*1,A/G,C/T
P003532,*1/*1,A/G,C/T
P003533,*1/*1,G/G,C/C
P003534,*1/*1,A/G,C/T
P003535,*2/*3,A/A,C/C
P003536,*1/*1,G/G,C/C
P003537,*1/*1,G/G,C/C
P003538,*1/*1,G/G,C/T
P003539,*1/*2,G/G,T/T
P003540,*1/*1,G/G,C/C
P003541,*1/*1,G/G,C/C
P003542,*1/*3,A/G,C/T
P003543,*1/*3,A/G,C/C
P003544,*2/*2,G/G,C/C
P003545,*1/*3,G/G,C/C
P003546,*1/*1,A/A,C/C
P003547,*1/*3,A/G,C/C
P003548,*1/*1,A/G,C/C
P003549,*1/*1,G/G,C/C
P003550,*1/*1,A/G,T/T
P003551,*1/*1,G/G,T/T
P003552,*1/*1,A/G,T/T
P003553,*1/*1,A/G,T/T
P003554,*2/*3,G/G,C/T
P003555,*1/*3,A/A,C/C
P003556,*1/*2,A/G,C/C
P003557,*1/*1,G/G,C/C
P003558,*1/*1,G/G,C/T
P003559,*1/*1,G/G,C/C
P003560,*1/*1,G/G,C/T
P003561,*1/*3,G/G,C/T
P003562,*1/*1,A/G,C/T
P003563,*1/*1,G/G,C/C
P003564,*3/*3,A/G,C/C
P003565,*1/*1,G/G,C/T
P003566,*1/*2,A/G,C/C
P003567,*1/*1,A/G,C/C
P003568,*1/*1,G/G,C/C
P003569,*1/*3,G/G,C/T
P003570,*1/*2,G/G,C/C
P003571,*1/*1,A/G,C/C
P003572,*1/*1,G/G,C/C
P003573,*1/*3,A/G,C/C
P003574,*1/*1,A/A,C/T
P003575,*1/*1,G/G,C/C
P003576,*2/*3,A/A,C/C
P003577,*1/*3,G/G,C/C
P003578,*1/*2,G/G,C/C
P003579,*1/*3,A/A,C/C
P003580,*1/*1,G/G,C/C
P003581,*2/*2,G/G,C/C
P003582,*1/*1,G/G,T/T
P003583,*1/*1,A/A,C/C
P003584,*1/*1,G/G,C/T
P003585,*1/*1,A/A,C/C
P003586,*1/*1,A/G,C/C
P003587,*1/*1,G/G,C/T
P003588,*1/*1,G/G,T/T
P003589,*1/*1,G/G,C/C
P003590,*1/*1,G/G,C/C
P003591,*1/*1,A/G,C/T
P003592,*1/*1,A/G,T/T
P003593,*1/*1,A/A,T/T
P003594,*1/*1,G/G,C/C
P003595,*1/*1,A/G,C/T
P003596,*1/*2,A/G,C/T
P003597,*1/*1,G/G,C/C
P003598,*1/*1,A/G,C/C
P003599,*2/*3,A/G,C/C
P003600,*1/*2,A/A,C/C
P003601,*1/*3,A/A,C/T
P003602,*1/*2,G/G,C/C
P003603,*1/*1,A/G,C/T
P003604,*1/*2,G/G,C/C
P003605,*1/*2,G/G,C/C
P003606,*1/*1,G/G,C/C
P003607,*1/*2,A/G,C/T
P003608,*1/*3,A/G,C/T
P003609,*1/*1,A/G,C/T
P003610,*1/*1,A/G,C/C
P003611,*1/*1,A/G,C/T
P003612,*1/*1,G/G,C/C
P003613,*1/*1,A/G,C/C
P003614,*1/*2,A/G,T/T
P003615,*1/*1,A/A,C/C
P003616,*2/*3,A/A,C/C
P003617,*1/*2,G/G,C/C
P003618,*1/*2,A/G,C/C
P003619,*1/*1,A/A,C/T
P003620,*1/*1,G/G,C/T
P003621,*1/*3,A/G,C/C
P003622,*1/*1,G/G,T/T
P003623,*1/*1,G/G,C/C
P003624,*1/*3,A/G,C/C
P003625,*1/*1,A/G,C/T
P003626,*1/*1,G/G,C/C
P003627,*3/*3,G/G,C/T
P003628,*1/*1,G/G,C/C
P003629,*1/*3,A/G,C/C
P003630,*2/*3,A/A,C/T
P003631,*1/*1,A/A,T/T
P003632,*2/*2,A/G,C/C
P003633,*1/*1,G/G,C/C
P003634,*2/*2,A/G,C/T
P003635,*1/*1,A/G,T/T
P003636,*3/*3,A/G,C/C
P003637,*1/*2,G/G,C/C
P003638,*1/*2,G/G,C/C
P003639,*1/*3,A/G,C/T
P003640,*1/*1,G/G,C/T
P003641,*1/*1,G/G,C/C
P003642,*1/*1,G/G,C/C
P003643,*1/*1,A/G,C/C
P003644,*1/*1,A/G,C/C
P003645,*1/*3,A/G,C/T
P003646,*1/*1,A/G,C/C
P003647,*1/*1,G/G,C/T
P003648,*1/*3,G/G,C/C
P003649,*1/*1,A/A,C/C
P003650,*1/*2,A/A,C/C
P003651,*1/*1,A/G,C/T
P003652,*1/*1,G/G,C/T
P003653,*1/*2,G/G,C/C
P003654,*1/*1,A/G,C/C
P003655,*1/*1,G/G,C/C
P003656,*1/*2,A/A,C/C
P003657,*1/*1,A/G,C/C
P003658,*1/*1,G/G,C/C
P003659,*3/*3,A/G,C/C
P003660,*1/*2,G/G,C/C
P003661,*1/*1,G/G,C/C
P003662,*1/*1,G/G,C/T
P003663,*1/*2,G/G,C/C
P003664,*1/*1,G/G,C/C
P003665,*1/*1,G/G,C/C
P003666,*1/*1,G/G,C/C
P003667,*1/*1,A/A,C/T
P003668,*1/*2,G/G,C/C
P003669,*1/*2,A/G,T/T
P003670,*1/*1,A/A,T/T
P003671,*1/*1,G/G,C/C
P003672,*1/*1,G/G,C/C
P003673,*1/*3,G/G,T/T
P003674,*1/*1,G/G,C/T
P003675,*1/*2,A/G,C/T
P003676,*1/*1,G/G,C/T
P003677,*1/*1,G/G,C/T
P003678,*1/*1,A/G,C/T
P003679,*1/*1,G/G,C/C
P003680,*1/*1,G/G,C/C
P003681,*2/*3,A/G,C/C
P003682,*1/*2,G/G,C/C
P003683,*1/*3,A/G,C/C
P003684,*1/*2,G/G,C/T
P003685,*2/*2,A/G,C/C
P003686,*1/*1,G/G,C/T
P003687,*1/*1,G/G,C/C
P003688,*1/*2,G/G,C/C
P003689,*2/*2,G/G,C/C
P003690,*1/*1,A/A,C/T
P003691,*1/*1,G/G,C/C
P003692,*2/*3,G/G,C/T
P003693,*1/*1,A/A,T/T
P003694,*1/*1,G/G,C/C
P003695,*1/*1,A/G,C/C
P003696,*1/*1,A/G,C/C
P003697,*1/*3,G/G,C/C
P003698,*1/*2,A/A,C/C
P003699,*1/*2,A/G,C/T
P003700,*1/*1,A/G,T/T
P003701,*1/*2,G/G,C/C
P003702,*1/*1,G/G,C/C
P003703,*1/*1,G/G,T/T
P003704,*2/*3,A/A,C/C
P003705,*1/*1,A/A,C/C
P003706,*1/*2,A/G,C/C
P003707,*2/*3,A/G,C/C
P003708,*1/*1,G/G,C/C
P003709,*1/*1,G/G,C/C
P003710,*1/*1,G/G,T/T
P003711,*1/*1,A/G,C/T
P003712,*1/*3,A/G,C/C
P003713,*1/*1,A/G,C/C
P003714,*3/*3,A/A,C/T
P003715,*1/*3,G/G,C/C
P003716,*2/*2,G/G,C/C
P003717,*1/*1,A/G,C/T
P003718,*1/*1,G/G,C/C
P003719,*1/*1,A/G,C/C
P003720,*1/*2,G/G,C/C
P003721,*1/*1,G/G,C/T
P003722,*1/*3,G/G,C/C
P003723,*1/*2,A/G,C/C
P003724,*1/*2,G/G,C/C
P003725,*1/*1,G/G,C/C
P003726,*1/*2,G/G,C/C
P003727,*1/*1,G/G,C/T
P003728,*1/*1,A/A,C/T
P003729,*1/*1,A/A,C/T
P003730,*1/*2,G/G,C/C
P003731,*1/*1,A/A,C/C
P003732,*1/*3,A/A,C/C
P003733,*1/*3,G/G,C/C
P003734,*1/*1,G/G,C/C
P003735,*1/*2,G/G,C/C
P003736,*1/*1,G/G,C/C
P003737,*1/*1,G/G,C/C
P003738,*1/*3,G/G,C/C
P003739,*3/*3,A/A,C/T
P003740,*1/*1,A/G,C/C
P003741,*2/*2,G/G,T/T
P003742,*1/*2,G/G,C/C
P003743,*1/*2,A/A,T/T
P003744,*1/*1,G/G,C/C
P003745,*1/*1,G/G,C/T
P003746,*1/*1,G/G,C/T
P003747,*1/*2,A/A,C/C
P003748,*1/*2,A/G,T/T
P003749,*1/*1,A/G,C/C
P003750,*1/*2,G/G,C/C
P003751,*1/*1,G/G,C/T
P003752,*1/*1,G/G,C/C
P003753,*1/*1,G/G,C/C
P003754,*1/*1,A/G,C/C
P003755,*2/*3,G/G,C/C
P003756,*1/*2,A/G,C/T
P003757,*1/*1,A/G,C/C
P003758,*1/*3,G/G,T/T
P003759,*1/*1,A/A,C/T
P003760,*1/*2,G/G,C/T
P003761,*3/*3,A/A,C/C
P003762,*1/*3,G/G,C/C
P003763,*1/*3,A/G,C/C
P003764,*2/*3,G/G,T/T
P003765,*1/*1,G/G,C/C
P003766,*1/*1,A/G,C/C
P003767,*1/*1,G/G,C/T
P003768,*1/*3,A/A,C/C
P003769,*1/*3,G/G,C/C
P003770,*1/*3,A/G,C/C
P003771,*1/*1,A/G,C/C
P003772,*1/*3,G/G,C/T
P003773,*1/*3,G/G,C/C
P003774,*1/*1,A/G,C/C
P003775,*1/*1,A/A,C/T
P003776,*1/*2,A/G,C/C
P003777,*1/*2,A/A,C/T
P003778,*1/*1,G/G,C/C
P003779,*1/*1,A/A,C/T
P003780,*1/*1,G/G,C/C
P003781,*1/*3,G/G,C/C
P003782,*2/*3,A/G,C/C
P003783,*2/*3,A/G,C/T
P003784,*1/*2,G/G,T/T
P003785,*1/*3,G/G,C/T
P003786,*1/*1,A/A,C/T
P003787,*1/*3,G/G,C/C
P003788,*1/*1,G/G,C/C
P003789,*1/*3,G/G,T/T
P003790,*1/*1,G/G,C/C
P003791,*2/*2,G/G,C/C
P003792,*1/*2,A/G,C/C
P003793,*1/*1,G/G,C/C
P003794,*1/*1,A/A,C/C
P003795,*1/*1,G/G,T/T
P003796,*1/*2,G/G,C/T
P003797,*1/*1,A/G,C/C
P003798,*1/*1,G/G,T/T
P003799,*1/*3,A/G,C/C
P003800,*3/*3,G/G,C/C
P003801,*1/*1,G/G,C/C
P003802,*1/*1,G/G,C/C
P003803,*1/*1,A/G,C/C
P003804,*1/*1,G/G,C/T
P003805,*1/*3,G/G,C/T
P003806,*1/*2,G/G,C/C
P003807,*1/*2,A/G,C/C
P003808,*1/*1,A/G,C/C
P003809,*1/*3,A/G,C/C
P003810,*3/*3,A/G,C/C
P003811,*1/*2,A/A,C/C
P003812,*2/*3,A/G,C/T
P003813,*1/*1,G/G,C/T
P003814,*1/*1,A/G,C/C
P003815,*2/*3,G/G,C/T
P003816,*1/*2,G/G,C/C
P003817,*1/*1,G/G,C/C
P003818,*1/*1,G/G,T/T
P003819,*1/*2,A/G,C/C
P003820,*1/*2,G/G,C/T
P003821,*1/*3,A/G,C/C
P003822,*1/*1,G/G,T/T
P003823,*1/*2,G/G,C/C
P003824,*1/*1,G/G,T/T
P003825,*1/*2,A/G,C/T
P003826,*1/*1,G/G,C/C
P003827,*1/*1,A/A,C/T
P003828,*1/*1,G/G,C/T
P003829,*1/*1,G/G,C/C
P003830,*1/*1,A/G,T/T
P003831,*1/*1,A/G,T/T
P003832,*1/*1,G/G,C/C
P003833,*1/*1,G/G,C/C
P003834,*1/*2,G/G,C/T
P003835,*1/*1,G/G,C/C
P003836,*1/*1,A/G,T/T
P003837,*3/*3,G/G,C/T
P003838,*1/*1,G/G,T/T
P003839,*1/*1,A/G,C/T
P003840,*1/*3,A/G,C/T
P003841,*1/*1,G/G,C/C
P003842,*1/*2,A/G,C/C
P003843,*1/*1,G/G,C/C
P003844,*1/*1,G/G,C/T
P003845,*2/*2,A/G,C/C
P003846,*1/*1,A/G,C/T
P003847,*1/*1,G/G,C/T
P003848,*1/*1,G/G,C/C
P003849,*1/*1,A/G,C/C
P003850,*1/*1,G/G,C/T
P003851,*1/*1,G/G,C/T
P003852,*1/*2,G/G,C/C
P003853,*1/*3,A/A,C/C
P003854,*1/*2,G/G,C/C
P003855,*1/*3,A/G,C/C
P003856,*1/*3,A/G,C/T
P003857,*3/*3,A/G,C/T
P003858,*1/*1,G/G,C/C
P003859,*2/*3,G/G,T/T
P003860,*1/*1,A/G,C/T
P003861,*1/*3,A/G,C/T
P003862,*1/*2,A/A,C/T
P003863,*2/*2,A/G,C/T
P003864,*1/*1,G/G,C/C
P003865,*1/*2,A/A,C/C
P003866,*1/*1,A/G,C/T
P003867,*2/*2,A/A,C/T
P003868,*3/*3,G/G,C/T
P003869,*1/*1,A/G,C/T
P003870,*1/*1,G/G,C/C
P003871,*1/*1,G/G,C/C
P003872,*1/*1,G/G,C/T
P003873,*2/*3,G/G,C/C
P003874,*1/*2,G/G,C/C
P003875,*1/*1,A/G,C/T
P003876,*1/*2,G/G,C/T
P003877,*1/*2,A/A,C/C
P003878,*1/*1,A/G,C/T
P003879,*1/*1,A/G,C/T
P003880,*1/*2,G/G,C/C
P003881,*1/*1,G/G,C/T
P003882,*1/*1,A/A,C/T
P003883,*1/*1,G/G,C/C
P003884,*2/*2,A/A,C/T
P003885,*1/*1,A/G,C/T
P003886,*1/*3,A/G,C/C
P003887,*1/*2,G/G,C/C
P003888,*1/*1,A/G,C/C
P003889,*1/*3,A/G,C/C
P003890,*1/*1,A/G,C/C
P003891,*1/*3,A/A,C/C
P003892,*2/*2,G/G,C/C
P003893,*1/*1,A/A,C/C
P003894,*1/*3,G/G,C/C
P003895,*1/*1,A/A,C/T
P003896,*1/*1,A/A,C/C
P003897,*1/*1,A/G,C/C
P003898,*1/*2,G/G,T/T
P003899,*1/*1,A/G,T/T
P003900,*1/*1,A/A,C/T
P003901,*1/*3,A/G,C/C
P003902,*1/*3,A/G,C/C
P003903,*1/*3,A/A,C/C
P003904,*1/*1,A/G,C/C
P003905,*1/*2,G/G,C/T
P003906,*2/*2,G/G,C/C
P003907,*1/*1,G/G,C/C
P003908,*1/*3,G/G,C/T
P003909,*1/*1,G/G,C/C
P003910,*1/*2,G/G,T/T
P003911,*1/*3,G/G,C/T
P003912,*2/*3,G/G,C/T
P003913,*1/*1,G/G,C/C
P003914,*1/*3,G/G,C/C
P003915,*1/*1,G/G,C/T
P003916,*1/*1,G/G,C/C
P003917,*1/*2,A/G,T/T
P003918,*1/*1,A/G,C/C
P003919,*1/*2,A/G,C/C
P003920,*2/*3,A/G,C/C
P003921,*1/*1,G/G,C/C
P003922,*1/*1,G/G,C/T
P003923,*2/*3,G/G,C/T
P003924,*1/*1,A/A,C/C
P003925,*1/*2,A/A,T/T
P003926,*1/*1,G/G,C/C
P003927,*1/*1,A/G,C/C
P003928,*1/*1,A/A,C/T
P003929,*1/*1,G/G,C/C
P003930,*1/*2,G/G,C/C
P003931,*1/*3,G/G,C/T
P003932,*2/*2,A/G,C/C
P003933,*1/*1,G/G,C/C
P003934,*1/*1,G/G,C/T
P003935,*1/*2,A/G,C/T
P003936,*1/*1,G/G,C/T
P003937,*1/*3,A/G,T/T
P003938,*1/*1,A/A,C/C
P003939,*2/*3,G/G,C/C
P003940,*1/*1,G/G,C/C
P003941,*1/*1,A/G,C/T
P003942,*1/*1,A/G,C/C
P003943,*1/*1,G/G,C/T
P003944,*1/*2,A/G,T/T
P003945,*2/*3,A/G,C/C
P003946,*1/*1,G/G,C/C
P003947,*1/*1,A/G,C/C
P003948,*1/*1,A/A,C/C
P003949,*1/*1,A/A,C/C
P003950,*1/*1,A/A,C/T
P003951,*1/*3,G/G,C/C
P003952,*1/*3,A/G,C/C
P003953,*1/*2,G/G,C/C
P003954,*1/*2,G/G,C/C
P003955,*1/*3,G/G,C/C
P003956,*1/*1,A/A,C/C
P003957,*1/*1,G/G,C/C
P003958,*1/*1,A/G,T/T
P003959,*1/*1,G/G,C/C
P003960,*1/*1,A/G,C/T
P003961,*1/*1,A/G,C/C
P003962,*1/*1,G/G,C/T
P003963,*1/*3,A/A,C/C
P003964,*1/*1,A/G,C/T
P003965,*1/*1,G/G,C/C
P003966,*1/*3,A/G,C/T
P003967,*1/*2,G/G,C/C
P003968,*1/*1,G/G,C/C
P003969,*3/*3,G/G,C/T
P003970,*1/*1,G/G,C/T
P003971,*1/*3,G/G,C/T
P003972,*2/*3,G/G,C/C
P003973,*1/*3,A/G,C/C
P003974,*1/*3,A/G,C/T
P003975,*2/*3,A/G,C/T
P003976,*1/*1,A/G,C/T
P003977,*1/*1,G/G,C/C
P003978,*1/*1,A/G,C/T
P003979,*2/*2,A/G,T/T
P003980,*1/*2,A/A,T/T
P003981,*2/*3,G/G,C/C
P003982,*1/*1,A/A,C/T
P003983,*1/*3,A/G,C/C
P003984,*2/*3,G/G,T/T
P003985,*1/*1,A/A,C/C
P003986,*2/*3,G/G,C/C
P003987,*1/*1,G/G,C/C
P003988,*2/*3,G/G,C/C
P003989,*2/*3,A/G,C/C
P003990,*1/*1,G/G,C/C
P003991,*1/*1,A/A,C/C
P003992,*1/*1,G/G,C/C
P003993,*1/*1,A/A,C/C
P003994,*1/*1,A/G,C/C
P003995,*1/*1,A/G,C/C
P003996,*1/*1,G/G,C/C
P003997,*1/*1,G/G,T/T
P003998,*2/*3,G/G,C/C
P003999,*1/*1,G/G,C/T
P004000,*1/*2,G/G,C/C
P004001,*1/*1,A/G,T/T
P004002,*1/*2,G/G,C/C
P004003,*2/*3,G/G,C/C
P004004,*1/*1,G/G,C/C
P004005,*1/*1,G/G,C/C
P004006,*1/*2,A/G,C/T
P004007,*1/*1,G/G,C/C
P004008,*1/*1,A/G,C/C
P004009,*1/*1,A/G,C/C
P004010,*1/*1,A/G,C/C
P004011,*1/*2,G/G,C/T
P004012,*2/*3,A/G,C/C
P004013,*1/*2,A/G,C/C
P004014,*1/*1,G/G,C/C
P004015,*1/*1,G/G,C/T
P004016,*2/*3,G/G,C/T
P004017,*2/*2,A/A,C/C
P004018,*1/*1,A/G,C/C
P004019,*2/*3,G/G,C/C
P004020,*2/*3,A/G,C/C
P004021,*1/*1,G/G,C/C
P004022,*1/*3,G/G,C/C
P004023,*1/*2,A/A,C/T
P004024,*1/*1,G/G,C/C
P004025,*1/*1,A/G,C/C
P004026,*1/*1,G/G,C/C
P004027,*2/*3,A/G,C/C
P004028,*1/*3,A/G,C/C
P004029,*1/*1,A/G,C/C
P004030,*1/*1,G/G,C/C
P004031,*1/*2,A/G,C/C
P004032,*1/*1,G/G,C/C
